Genome,CBM0+CBM13,CBM13,CBM32+GH2,CBM32+GH20,CBM32+GH31,CBM32+GH31_18,CBM32+GH36,CBM32+GH84,CBM40+GH33,CBM48+GH13_9,CBM50,CBM50+GH25,CBM51+GH110,CE4,CE5,CE7,CE8,CE9,GH0,GH1,GH105,GH106,GH13,GH130_1,GH13_23,GH13_26,GH13_29,GH13_30,GH13_31,GH13_39+GH77,GH140,GH154,GH170,GH172,GH2,GH2+3.2.1.31,GH23,GH25,GH28,GH29,GH3,GH31,GH32,GH35,GH36,GH38,GH4,GH43_11,GH43_35,GH49,GH5,GH5_11,GH73,GH77,GH78,GH84,GH88,GH92,GH95,GT0,GT0+GT2,GT1,GT111,GT2,GT2+GT4,GT26,GT28,GT32,GT35,GT4,GT47,GT5,GT51,GT58,GT8,GT83,PL22,PL4_4
Collinsella aerofaciens (ATCC 25986),0,0,0,0,0,0,0,0,0,1,1,1,0,1,0,1,1,1,0,1,1,0,1,1,1,1,0,1,1,1,0,0,1,0,0,0,1,1,1,0,0,0,1,1,0,1,1,0,0,0,1,1,1,1,0,1,0,0,0,0,0,1,0,1,0,0,1,1,1,1,1,1,1,1,1,1,0,0
Collinsella aerofaciens (2789STDY5834902),0,0,0,0,0,0,0,0,0,1,1,1,0,1,0,1,1,1,0,1,1,1,1,1,1,1,0,1,1,1,1,0,0,0,0,0,1,0,1,0,0,0,1,0,0,1,1,0,0,0,1,1,1,1,0,1,0,0,0,1,0,1,0,1,0,0,1,0,1,1,1,1,1,1,0,1,0,0
Collinsella aerofaciens (2789STDY5608823),0,0,0,0,0,0,0,0,0,1,1,1,0,1,0,1,1,1,0,1,1,0,1,1,1,1,0,1,1,1,0,0,0,1,0,0,1,1,1,0,0,0,1,0,0,1,1,0,0,0,1,1,0,1,0,1,0,0,0,1,0,1,0,1,0,0,1,0,1,1,1,1,1,1,0,1,0,0
Collinsella aerofaciens (2789STDY5608842),0,0,0,0,0,0,0,0,0,1,1,1,0,1,0,1,1,1,0,1,1,0,1,1,1,1,0,1,1,1,0,0,1,0,0,0,1,0,1,0,0,0,1,0,0,1,1,0,0,0,1,1,1,1,0,1,0,0,0,0,1,1,0,1,0,0,1,0,1,1,1,1,1,1,0,1,0,0
Collinsella aerofaciens (indica),0,0,0,0,0,0,0,0,0,1,1,1,0,1,0,1,1,1,0,1,1,1,1,1,1,1,0,1,1,1,1,0,1,0,0,0,1,1,1,0,0,0,0,1,0,1,1,0,0,0,1,1,1,1,0,1,0,0,0,1,0,1,0,1,0,0,1,1,1,1,1,1,1,1,0,1,0,0
Collinsella aerofaciens (C11),0,1,0,0,0,0,0,0,0,1,1,1,0,1,0,1,0,1,0,1,0,1,1,1,1,1,1,1,1,1,1,0,1,1,1,0,1,1,1,0,0,0,1,0,0,1,1,0,0,0,1,1,0,1,0,1,0,0,0,0,0,1,0,1,0,0,1,0,1,1,1,1,1,1,0,1,0,0
Collinsella aerofaciens (P10wA7),0,1,0,0,0,0,0,0,0,1,1,1,0,1,0,1,1,1,0,1,1,0,1,1,1,1,0,1,1,1,0,0,0,0,0,0,1,1,1,0,0,0,1,0,0,1,1,0,0,0,1,1,1,1,0,1,0,1,0,0,0,1,0,1,0,0,1,0,1,1,1,1,1,1,0,1,0,0
Collinsella aerofaciens (1001271st1_C3),0,1,0,0,1,0,0,0,0,1,1,1,0,1,0,1,0,1,0,1,0,0,1,1,1,1,0,1,1,1,0,0,1,0,1,0,1,0,1,0,0,0,1,0,0,1,1,0,0,0,1,1,1,1,0,1,0,0,0,1,0,1,1,1,0,0,1,0,1,1,1,1,1,1,0,1,0,0
Collinsella aerofaciens (BSD2780061688st1_F5),0,1,0,0,1,0,0,0,0,1,1,1,0,1,0,1,0,1,0,1,0,0,1,1,1,1,0,1,1,1,1,0,1,1,1,0,1,1,1,0,0,0,1,0,0,1,1,0,0,0,1,1,0,1,0,1,0,0,0,1,0,1,0,1,1,0,1,0,1,1,1,1,1,1,1,1,0,0
Collinsella aerofaciens (BIOML-A1),0,1,0,0,0,0,0,0,0,1,1,1,0,1,0,1,1,1,0,1,1,0,1,1,1,1,0,1,1,1,0,0,1,0,1,0,1,0,1,0,0,0,1,0,0,1,1,0,0,0,1,1,1,1,0,1,0,0,0,1,1,1,0,1,1,0,1,0,1,1,1,1,1,1,0,1,0,0
Collinsella aerofaciens (BIOML-A20),0,1,0,0,0,0,0,0,0,1,1,1,0,1,0,1,0,1,0,1,0,1,1,1,1,1,0,1,1,1,1,0,1,0,1,0,1,0,1,0,0,0,1,0,0,1,1,0,0,0,1,1,1,1,0,1,0,0,0,0,0,1,0,1,0,0,1,0,1,1,1,1,1,1,1,1,0,0
Collinsella aerofaciens (BIOML-A19),0,0,0,0,0,0,0,0,0,1,1,1,0,1,0,1,0,1,0,1,0,0,1,1,1,1,0,1,1,1,0,0,1,1,1,0,1,0,1,0,0,0,1,0,0,1,1,0,0,0,1,1,1,1,0,1,0,0,0,1,0,1,1,1,0,0,1,0,1,1,1,1,1,1,0,1,0,0
Collinsella aerofaciens (BIOML-A16),0,0,0,0,0,0,0,0,0,1,1,1,0,1,0,1,0,1,0,1,0,0,1,1,1,1,0,1,1,1,0,0,1,1,1,0,1,0,1,0,0,0,1,0,0,1,1,0,0,0,1,1,1,1,0,1,0,0,0,1,0,1,1,1,0,0,1,0,1,1,1,1,1,1,0,1,0,0
Collinsella aerofaciens (BIOML-A18),0,0,0,0,0,0,0,0,0,1,1,1,0,1,0,1,0,1,0,1,0,0,1,1,1,1,0,1,1,1,0,0,1,1,1,0,1,0,1,0,0,0,1,0,0,1,1,0,0,0,1,1,1,1,0,1,0,0,0,1,0,1,1,1,0,0,1,0,1,1,1,1,1,1,0,1,0,0
Collinsella aerofaciens (BIOML-A17),0,0,0,0,0,0,0,0,0,1,1,1,0,1,0,1,0,1,0,1,0,0,1,1,1,1,0,1,1,1,0,0,1,1,1,0,1,0,1,0,0,0,1,0,0,1,1,0,0,0,1,1,1,1,0,1,0,0,0,1,0,1,1,1,0,0,1,0,1,1,1,1,1,1,0,1,0,0
Collinsella aerofaciens (BIOML-A14),0,0,0,0,0,0,0,0,0,1,1,1,0,1,0,1,0,1,0,1,0,0,1,1,1,1,0,1,1,1,0,0,1,1,1,0,1,0,1,0,0,0,1,0,0,1,1,0,0,0,1,1,1,1,0,1,0,0,0,1,0,1,1,1,0,0,1,0,1,1,1,1,1,1,0,1,0,0
Collinsella aerofaciens (BIOML-A15),0,0,0,0,0,0,0,0,0,1,1,1,0,1,0,1,0,1,0,1,0,0,1,1,1,1,0,1,1,1,0,0,1,1,1,0,1,0,1,0,1,0,1,0,0,1,1,0,0,0,1,1,1,1,0,1,0,0,0,1,0,1,1,1,0,0,1,0,1,1,1,1,1,1,0,1,0,0
Collinsella aerofaciens (BIOML-A13),0,1,0,0,0,0,0,0,0,1,1,1,0,1,0,1,1,1,0,1,1,1,1,1,1,1,0,1,1,1,1,0,1,0,0,0,1,1,1,0,0,0,0,0,0,1,1,0,0,1,1,1,0,1,0,1,0,0,0,0,0,1,0,1,0,0,1,1,1,1,1,1,1,1,0,1,0,0
Collinsella aerofaciens (BIOML-A12),0,0,0,0,0,0,0,0,0,1,1,1,0,1,0,1,0,1,0,1,0,0,1,1,1,1,0,1,1,1,0,0,1,1,1,0,1,0,1,0,0,0,1,0,0,1,1,0,0,0,1,1,1,1,0,1,0,0,0,1,0,1,1,1,0,0,1,0,1,1,1,1,1,1,0,1,0,0
Collinsella aerofaciens (BIOML-A11),0,0,0,0,0,0,0,0,0,1,1,1,0,1,0,1,0,1,1,1,0,0,1,1,1,1,0,1,1,1,0,0,1,1,1,0,1,1,1,0,0,0,1,0,1,1,1,0,0,0,1,0,1,1,0,1,0,0,0,1,0,1,1,1,0,0,1,0,1,1,1,1,1,1,0,1,0,0
Collinsella aerofaciens (BIOML-A10),0,1,0,0,0,0,0,0,0,1,1,1,0,1,0,1,1,1,0,1,1,1,1,1,1,1,0,1,1,1,1,0,1,0,0,0,1,1,1,0,0,0,0,0,0,1,1,0,0,1,1,1,0,1,0,1,0,0,0,0,0,1,0,1,0,0,1,1,1,1,1,1,1,1,0,1,0,0
Collinsella aerofaciens (BIOML-A9),0,1,0,0,0,0,0,0,0,1,1,1,0,1,0,1,1,1,0,1,1,0,1,1,1,1,0,1,1,1,0,0,1,0,1,0,1,0,1,0,0,0,1,0,0,1,1,0,0,0,1,1,1,1,0,1,0,0,0,1,1,1,0,1,1,0,1,0,1,1,1,1,1,1,0,1,0,0
Collinsella aerofaciens (BIOML-A8),0,1,0,0,1,0,0,0,0,1,1,1,0,1,0,1,0,1,0,1,0,1,1,1,1,1,0,1,1,1,1,0,1,0,1,0,1,0,1,0,0,0,1,0,0,1,1,0,0,0,1,1,1,1,1,1,0,0,0,0,0,1,0,1,0,0,1,0,1,1,1,1,1,1,1,1,0,0
Collinsella aerofaciens (BIOML-A7),0,1,0,0,0,0,0,0,0,1,1,1,0,1,0,1,1,1,0,1,1,0,1,1,1,1,0,1,1,1,0,0,1,0,1,0,1,0,1,0,0,0,1,0,0,1,1,0,0,0,1,1,1,1,0,1,0,0,0,1,0,1,0,1,1,0,1,0,1,1,1,1,1,1,1,1,0,0
Collinsella aerofaciens (BIOML-A6),0,1,0,0,0,0,0,0,0,1,1,1,0,1,0,1,1,1,0,1,1,0,1,1,1,1,0,1,1,1,0,0,1,0,1,0,1,0,1,0,0,0,1,0,0,1,1,0,0,0,1,1,1,1,0,1,0,0,0,1,1,1,0,1,1,0,1,0,1,1,1,1,1,1,0,1,0,0
Collinsella aerofaciens (BIOML-A5),0,1,0,0,0,0,0,0,0,1,1,1,0,1,0,1,1,1,0,1,1,0,1,1,1,1,0,1,1,1,0,0,1,0,1,0,1,0,1,0,0,0,1,0,0,1,1,0,0,0,1,1,1,1,0,1,0,0,0,1,0,1,0,1,1,0,1,0,1,1,1,1,1,1,1,1,0,0
Collinsella aerofaciens (BIOML-A4),0,1,0,0,0,0,0,0,0,1,1,1,0,1,0,1,1,1,0,1,1,0,1,1,1,1,0,1,1,1,0,0,1,0,1,0,1,0,1,0,0,0,1,0,0,1,1,0,0,0,1,1,1,1,0,1,0,0,0,1,1,1,0,1,1,0,1,0,1,1,1,1,1,1,0,1,0,0
Collinsella aerofaciens (BIOML-A2),0,1,0,0,0,0,0,0,0,1,1,1,0,1,0,1,1,1,0,1,1,0,1,1,1,1,0,1,1,1,0,0,1,0,1,0,1,0,1,0,0,0,1,0,0,1,1,0,0,0,1,1,1,1,0,1,0,0,0,1,0,1,0,1,1,0,1,0,1,1,1,1,1,1,1,1,0,0
Collinsella aerofaciens (BIOML-A3),0,1,0,0,1,0,0,0,0,1,1,1,0,1,0,1,0,1,0,1,0,1,1,1,1,1,0,1,1,1,1,0,1,0,1,0,1,1,1,0,0,0,1,0,0,1,1,0,0,0,1,1,0,1,1,1,0,0,0,0,0,1,0,1,0,0,1,0,1,1,1,1,1,1,0,1,0,0
Collinsella aerofaciens (JCM 10188),0,0,0,0,0,0,0,0,0,1,1,1,0,1,0,1,1,1,0,1,1,0,1,1,1,1,0,1,1,1,0,0,1,0,0,0,1,1,1,0,0,0,1,1,0,1,1,0,0,0,1,1,1,1,0,1,0,0,0,0,0,1,0,1,0,0,1,1,1,1,1,1,1,1,1,1,0,0
Collinsella aerofaciens (J1101004_170508_A10),0,0,0,0,0,0,0,0,0,1,1,1,0,1,0,1,1,1,0,1,1,0,1,1,1,1,0,1,1,1,0,0,0,1,0,0,1,1,1,0,0,0,1,0,0,1,1,0,0,0,1,1,0,1,0,1,0,0,0,1,0,1,0,1,0,0,1,0,1,1,1,1,1,1,0,1,0,0
Collinsella aerofaciens (1001270H_150608_H11),0,1,0,0,1,0,0,0,0,1,1,1,0,1,0,1,0,1,0,1,0,0,1,1,1,1,0,1,1,1,0,0,1,0,1,0,1,0,1,0,0,0,1,0,0,1,1,0,0,0,1,1,1,1,0,1,0,0,0,1,0,1,1,1,0,0,1,0,1,1,1,1,1,1,0,1,0,0
Collinsella aerofaciens (BSD2780120875b_170604_F5),0,0,0,0,0,0,0,0,0,1,1,1,0,1,0,1,0,1,0,1,0,1,1,1,1,1,0,1,1,1,1,0,0,0,1,0,1,1,1,0,0,0,1,0,0,1,1,0,0,0,1,1,1,1,0,1,0,0,0,0,0,1,0,1,0,0,1,0,1,1,1,1,1,1,0,1,0,0
Collinsella aerofaciens (D52t1_170925_B11),0,1,0,0,0,0,0,0,0,1,1,1,0,1,0,1,1,1,0,1,1,0,1,1,1,1,0,1,1,1,0,0,0,1,1,0,1,1,1,0,0,0,1,0,0,1,1,0,0,0,1,1,0,1,0,1,0,0,0,0,0,1,0,1,0,0,1,0,1,1,1,1,1,1,0,1,0,0
Collinsella aerofaciens (1001095IJ_161003_A3),0,0,0,0,1,0,0,0,0,1,1,1,0,1,0,1,0,1,0,1,0,0,1,1,1,1,0,1,1,1,0,0,0,1,1,0,1,0,1,0,0,0,1,0,0,1,1,0,0,0,1,1,1,1,0,1,0,0,0,1,0,1,1,1,0,0,1,0,1,1,1,1,1,1,0,1,0,0
Collinsella aerofaciens (1001095H_141210_H8),0,0,0,0,1,0,0,0,0,1,1,1,0,1,0,1,0,1,0,1,0,1,1,1,1,1,0,1,1,1,1,0,1,0,1,0,1,1,1,0,0,0,1,0,0,1,1,0,0,0,1,1,0,1,0,1,0,0,0,1,0,1,0,1,0,1,1,0,1,1,1,1,1,1,0,1,0,0
Collinsella aerofaciens (D6t1_180914_F6),0,1,0,0,0,0,0,0,0,1,1,1,0,1,0,1,0,1,0,1,0,0,1,1,1,1,0,1,1,1,0,0,0,1,1,0,1,1,1,0,0,0,1,0,0,1,1,0,0,0,1,1,0,1,0,1,0,0,0,1,0,1,0,1,1,1,1,0,1,1,1,1,1,1,1,1,0,0
Collinsella aerofaciens (D31t1_170403_C12),0,1,0,0,0,0,0,0,0,1,1,1,0,1,0,1,1,1,0,1,1,1,1,1,1,1,0,1,1,1,1,0,1,1,0,0,1,0,1,0,0,0,0,0,0,1,1,0,0,0,1,1,1,1,0,1,0,0,0,1,0,1,0,1,0,1,1,0,1,1,1,1,1,1,0,1,0,0
Collinsella aerofaciens (BSD2780120874b_170522_H1),0,1,0,0,0,0,0,0,0,1,1,1,0,1,0,1,0,1,0,1,0,0,1,1,1,1,0,1,1,1,0,0,0,1,0,0,1,0,1,0,0,0,1,0,0,1,1,0,0,0,1,1,1,1,0,1,0,0,0,0,1,1,0,1,0,0,1,0,1,1,1,1,1,1,0,1,0,0
Collinsella aerofaciens (D53t1_180928_G4),0,0,0,0,0,0,0,0,0,1,1,1,0,1,0,1,0,1,0,1,0,0,1,1,1,1,0,1,1,1,0,0,1,1,1,0,1,1,1,0,0,0,1,0,0,1,1,0,0,0,1,1,0,1,0,1,0,0,0,0,0,1,0,1,0,0,1,0,1,1,1,1,1,1,1,1,0,0
Collinsella aerofaciens (1001099B_141217_A1),0,0,0,0,1,0,0,0,0,1,1,1,0,1,0,1,1,1,0,1,1,1,1,1,1,1,0,1,1,1,0,0,1,0,0,0,1,1,1,0,0,0,0,0,0,1,1,0,0,0,1,1,0,1,1,1,0,0,0,1,0,1,0,1,0,1,1,0,1,1,1,1,1,1,0,1,0,0
Collinsella aerofaciens (1001275B_160808_H7),0,0,0,0,0,0,0,0,0,1,1,1,0,1,0,1,1,1,0,1,1,0,1,1,1,1,0,1,1,1,1,0,0,0,0,0,1,1,1,0,0,0,1,0,0,1,1,0,0,0,1,1,0,1,0,1,0,0,0,0,0,1,0,1,0,0,1,0,1,1,1,1,1,1,1,1,0,0
Collinsella aerofaciens (D54t1_190329_E10),0,0,0,0,0,0,0,0,0,1,1,1,0,1,0,1,1,1,0,1,1,0,1,1,1,1,0,1,1,1,0,0,1,0,1,0,1,1,1,0,0,0,1,0,0,1,1,0,0,0,1,1,0,1,0,1,0,0,0,1,0,1,0,1,0,0,1,0,1,1,1,1,1,1,0,1,0,0
Collinsella aerofaciens (1001136B_160425_H1),0,1,0,0,0,0,0,0,0,1,1,1,0,1,0,1,1,1,0,1,1,0,1,1,1,1,0,1,1,1,0,0,0,0,0,0,1,1,1,0,0,0,1,1,0,1,1,0,0,0,1,1,0,1,0,1,0,0,0,1,0,1,0,1,0,1,1,0,1,1,1,1,1,1,0,1,0,0
Collinsella aerofaciens (1001713B170131_170501_H8),0,0,0,0,0,0,0,0,0,1,1,1,0,1,0,1,0,1,0,1,0,1,1,1,1,1,0,1,1,1,1,0,0,0,0,0,1,0,1,0,0,0,1,0,0,1,1,0,0,0,1,1,0,1,0,1,0,0,0,0,0,1,0,1,0,0,1,0,1,1,1,1,1,1,0,1,0,0
Collinsella aerofaciens (1001095IJ_161003_F6),0,1,0,0,0,0,0,0,0,1,1,1,0,1,0,1,1,1,0,1,1,0,1,1,1,1,0,1,1,1,0,0,1,0,0,0,1,1,1,0,0,0,1,0,0,1,1,0,0,0,1,1,0,1,0,1,0,0,0,0,0,1,0,1,0,0,1,0,1,1,1,1,1,1,1,1,0,0
Collinsella aerofaciens (D41t1_190614_G2),0,0,0,0,1,0,0,0,0,1,1,1,0,1,0,1,1,1,0,1,1,1,1,1,1,1,0,1,1,1,1,0,1,1,0,0,1,1,1,0,0,0,1,0,0,1,1,0,0,0,1,1,0,1,0,1,0,0,0,0,0,1,0,1,0,0,1,0,1,1,1,1,1,1,1,1,0,0
Collinsella aerofaciens (1001713B170221_170320_E2),0,1,0,0,0,0,0,0,0,1,1,1,0,1,0,1,0,1,0,1,0,0,1,1,0,1,0,1,1,1,0,0,1,0,0,0,1,0,1,0,0,0,1,0,0,1,1,0,0,0,1,1,0,1,0,1,0,0,0,1,0,1,0,1,0,1,1,0,1,1,1,1,1,1,0,1,0,0
Collinsella aerofaciens (D59t2_181005_D7),0,0,0,0,1,0,0,0,0,1,1,1,0,1,0,1,1,1,0,1,1,0,1,1,1,1,0,1,1,1,0,0,0,1,1,0,1,1,1,0,0,0,1,0,0,1,1,0,0,0,1,1,0,1,0,1,0,0,0,0,0,1,0,1,0,0,1,0,1,1,1,1,1,1,0,1,0,0
Collinsella aerofaciens (J1100102_180507_H8),0,1,0,0,0,0,0,0,0,1,1,1,0,1,0,1,1,1,0,1,1,0,1,1,1,1,0,1,1,1,0,0,1,0,1,0,1,1,1,0,0,0,1,0,0,1,1,0,0,0,1,1,0,1,0,1,0,0,0,0,0,1,0,1,0,0,1,0,1,1,1,1,1,1,1,1,0,0
Collinsella aerofaciens (D40t1_170626_B5),0,1,0,0,0,0,0,0,0,1,1,1,0,1,0,1,1,1,0,1,1,1,1,1,1,1,0,1,1,1,1,0,1,0,1,0,1,0,1,0,0,0,1,0,0,1,1,0,0,0,1,1,1,1,0,1,0,0,0,1,0,1,0,1,0,1,1,0,1,1,1,1,1,1,0,1,0,0
Collinsella aerofaciens (MCC356),0,0,0,0,1,0,0,0,0,1,1,1,0,1,0,1,0,1,0,1,0,0,1,1,1,1,0,1,1,1,0,0,0,1,0,0,1,1,1,0,0,0,1,0,0,1,1,0,0,0,1,1,0,1,0,1,0,0,0,1,0,1,0,1,0,0,1,0,1,1,1,1,1,1,0,1,0,0
Collinsella aerofaciens (MCC370),0,0,0,0,1,0,0,0,0,1,1,1,0,1,0,1,1,1,0,1,1,0,1,1,1,1,0,1,1,1,0,0,0,1,1,0,1,1,1,0,0,0,1,1,0,1,1,0,0,0,1,1,0,1,0,1,0,0,0,0,0,1,0,1,0,0,1,0,1,1,1,1,1,1,0,1,0,0
Collinsella aerofaciens (MSK.8.35),0,0,0,0,0,0,0,0,0,1,1,1,0,1,0,1,0,1,0,1,0,0,1,1,1,1,0,1,1,1,0,0,1,0,0,0,1,0,1,0,0,0,1,0,0,1,1,0,0,0,1,1,1,1,0,1,0,0,0,1,0,1,0,1,1,0,1,0,1,1,1,1,1,1,1,1,0,0
Collinsella aerofaciens (MSK.1.10),0,1,0,0,1,0,0,0,0,1,1,1,0,1,0,1,1,1,0,1,1,0,1,1,1,1,0,1,1,1,0,0,0,0,1,0,1,1,1,0,0,0,1,0,1,1,1,0,0,0,1,1,0,1,0,1,0,0,0,1,0,1,0,1,0,1,1,0,1,1,1,1,1,1,1,1,0,0
Collinsella aerofaciens (MSK.1.11),0,1,0,0,1,0,0,0,0,1,1,1,0,1,0,1,1,1,0,1,1,0,1,1,1,1,0,1,1,1,0,0,0,0,1,0,1,1,1,0,0,0,1,0,0,1,1,0,0,0,1,1,0,1,0,1,0,0,0,1,0,1,0,1,0,1,1,0,1,1,1,1,1,1,1,1,0,0
Collinsella aerofaciens (K40_1),0,0,0,0,1,0,0,0,0,1,1,1,0,1,0,1,1,1,0,1,1,1,1,1,1,1,0,1,1,1,1,0,0,1,1,0,1,0,1,0,0,0,0,0,0,1,1,0,0,0,1,1,1,1,0,1,0,0,0,1,0,1,0,1,0,1,1,0,1,1,1,1,1,1,0,1,0,0
Collinsella aerofaciens (NBRC 114504),0,0,0,0,0,0,0,0,0,1,1,1,0,1,0,1,0,1,0,1,0,0,1,1,1,1,0,1,1,1,0,0,1,1,0,0,1,0,1,0,0,0,1,0,0,1,1,0,0,0,1,1,1,1,0,1,0,0,0,0,1,1,0,1,0,0,1,0,1,1,1,1,1,1,0,1,0,0
Collinsella aerofaciens (MSK.7.14),0,0,0,0,0,0,0,0,0,1,1,1,0,1,1,1,0,1,0,1,0,0,1,1,1,1,0,1,1,1,0,0,1,0,0,0,1,0,1,0,0,0,1,1,0,1,1,0,0,0,1,1,1,1,0,1,0,0,0,0,0,1,0,1,0,0,1,0,1,1,1,1,1,1,1,1,0,0
Collinsella aerofaciens (MSK.8.15),0,0,0,0,0,0,0,0,0,1,1,1,0,1,1,1,0,1,0,1,0,0,1,1,1,1,0,1,1,1,0,0,1,0,0,0,1,0,1,0,0,0,1,0,0,1,1,0,0,0,1,1,1,1,0,1,0,0,0,1,0,1,0,1,1,0,1,0,1,1,1,1,1,1,1,1,0,0
Collinsella aerofaciens (DFI.3.30),0,1,0,0,0,0,0,0,0,1,1,1,0,1,0,1,1,1,0,1,1,0,1,1,1,1,0,1,1,1,0,0,0,0,0,0,1,1,1,0,0,0,1,0,0,1,1,0,0,0,1,1,0,1,0,1,0,0,0,0,0,1,0,1,0,0,1,0,1,1,1,1,1,1,0,1,0,0
Collinsella aerofaciens (DFI.4.95A),0,1,0,0,0,0,0,0,0,1,1,1,0,1,0,1,0,1,0,1,0,0,1,1,1,1,0,1,1,1,0,0,1,0,1,0,1,0,1,0,0,0,1,1,0,1,1,0,0,0,1,1,1,1,0,1,0,0,0,1,0,1,1,1,0,0,1,0,1,1,1,1,1,1,0,1,0,0
Collinsella aerofaciens (DFI.4.85B),0,1,0,0,0,0,0,0,0,1,1,1,0,1,0,1,0,1,0,1,0,0,1,1,1,1,0,1,1,1,0,0,1,0,1,0,1,0,1,0,0,0,1,1,0,1,1,0,0,0,1,1,1,1,0,1,0,0,0,1,0,1,1,1,0,0,1,0,1,1,1,1,1,1,0,1,0,0
Collinsella aerofaciens (DFI.1.227),0,1,0,0,0,0,0,0,0,1,1,1,0,1,0,1,1,1,0,1,1,0,1,1,1,1,0,1,1,1,0,0,1,0,1,0,1,0,1,0,0,0,1,1,0,1,1,0,0,0,1,1,0,1,0,1,0,0,0,0,0,1,0,1,0,0,1,0,1,1,1,1,1,1,0,1,0,0
Collinsella aerofaciens (NB2B-13-DCM),0,1,0,0,0,0,0,0,0,1,1,1,0,1,0,1,0,1,0,1,0,1,1,1,1,1,0,1,1,1,1,0,1,1,0,0,1,1,1,0,0,0,1,0,0,1,1,0,0,0,1,1,0,1,0,1,0,0,0,1,0,1,0,1,1,0,1,0,1,1,1,1,1,1,1,1,0,0
Collinsella aerofaciens (ATCC 35085),0,0,0,0,1,0,0,0,0,1,1,1,0,1,0,1,1,1,0,1,1,0,1,1,1,1,0,1,1,1,0,0,1,1,0,0,1,1,1,0,0,0,1,0,0,1,1,0,0,0,1,1,0,1,0,1,0,0,0,1,0,1,0,1,0,0,1,0,1,1,1,1,1,1,0,1,0,0
Collinsella aerofaciens (TM115-97),0,1,0,0,0,0,0,0,0,1,1,1,0,1,0,1,0,1,0,1,0,0,1,1,1,1,0,1,1,1,0,0,1,1,1,0,1,0,1,0,0,0,1,0,0,1,1,0,0,0,1,1,1,1,0,1,0,0,0,1,0,1,1,1,0,0,1,0,1,1,1,1,1,1,0,1,0,0
Collinsella aerofaciens (TM115-91),0,1,0,0,1,0,0,0,0,1,1,1,0,1,0,1,0,1,0,1,0,0,1,1,1,1,0,1,1,1,0,0,1,0,1,0,1,0,1,0,0,0,1,0,0,1,1,0,0,0,1,1,1,1,0,1,0,0,0,1,0,1,1,1,0,0,1,0,1,1,1,1,1,1,0,1,0,0
Collinsella aerofaciens (TM115-180),0,1,0,0,1,0,0,0,0,1,1,1,0,1,0,1,0,1,0,1,0,0,1,1,1,1,0,1,1,1,0,0,1,1,1,0,1,0,1,0,0,0,1,0,0,1,1,0,0,0,1,1,1,1,0,1,0,0,0,1,0,1,1,1,0,0,1,0,1,1,1,1,1,1,0,1,0,0
Collinsella aerofaciens (TM115-161),0,1,0,0,1,0,0,0,0,1,1,1,0,1,0,1,0,1,0,1,0,0,1,1,1,1,0,1,1,1,0,0,1,0,1,0,1,0,1,0,0,0,1,0,0,1,1,0,0,0,1,1,1,1,0,1,0,0,0,1,0,1,1,1,0,0,1,0,1,1,1,1,1,1,0,1,0,0
Collinsella aerofaciens (TM115-146),0,1,0,0,0,0,0,0,0,1,1,1,0,1,0,1,0,1,0,1,0,0,1,1,1,1,0,1,1,1,0,0,1,1,1,0,1,0,1,0,0,0,1,0,0,1,1,0,0,0,1,1,1,1,0,1,0,0,0,1,0,1,1,1,0,0,1,0,1,1,1,1,1,1,0,1,0,0
Collinsella aerofaciens (TM115-105),0,1,0,0,1,0,0,0,0,1,1,1,0,1,0,1,0,1,0,1,0,0,1,1,1,1,0,1,1,1,0,0,1,0,1,0,1,0,1,0,0,0,1,0,0,1,1,0,0,0,1,1,1,1,0,1,0,0,0,1,0,1,1,1,0,0,1,0,1,1,1,1,1,1,0,1,0,0
Collinsella aerofaciens (1025st1_A9_1025SCRN_200924),0,1,0,0,0,0,0,0,0,1,1,1,0,1,0,1,1,1,0,1,1,0,1,1,1,1,0,1,1,1,0,0,0,1,0,0,1,0,1,0,0,0,1,0,0,1,1,0,0,0,1,1,1,1,0,1,0,0,0,1,0,1,1,1,0,0,1,0,1,1,1,1,1,1,0,1,0,0
Collinsella aerofaciens (1001262st2_G5_1001262B_160229),0,1,0,0,0,0,0,0,0,1,1,1,0,1,0,1,0,1,0,1,0,1,1,1,1,1,0,1,1,1,1,0,1,1,0,0,1,1,1,0,0,0,1,1,0,1,1,0,0,0,1,1,0,1,0,1,0,0,0,0,0,1,0,1,0,0,1,0,1,1,1,1,1,1,1,1,0,0
Collinsella aerofaciens (1001713st1_D6_1001713B170214_170313),0,0,0,0,0,0,0,0,0,1,1,1,0,1,0,1,0,1,0,1,0,1,1,1,1,1,0,1,1,1,1,0,0,0,0,0,1,0,1,0,0,0,1,0,0,1,1,0,0,0,1,1,0,1,0,1,0,0,0,0,0,1,0,1,0,0,1,0,1,1,1,1,1,1,0,1,0,0
Collinsella aerofaciens (1001713st1_F9_1001713B170207_170306),0,0,0,0,0,0,0,0,0,1,1,1,0,1,0,1,0,1,0,1,0,1,1,1,1,1,0,1,1,1,1,0,0,0,0,0,1,0,1,0,0,0,1,0,0,1,1,0,0,0,1,1,0,1,0,1,0,0,0,0,0,1,0,1,0,0,1,0,1,1,1,1,1,1,0,1,0,0
Collinsella aerofaciens (1001713st1_C7_1001713B170214_170313),0,0,0,0,0,0,0,0,0,1,1,1,0,1,0,1,0,1,0,1,0,1,1,1,1,1,0,1,1,1,1,0,0,0,0,0,1,0,1,0,0,0,1,0,0,1,1,0,0,0,1,1,0,1,0,1,0,0,0,0,0,1,0,1,0,0,1,0,1,1,1,1,1,1,0,1,0,0
Collinsella aerofaciens (1025st1_H8_1025SCRN_200924),0,1,0,0,0,0,0,0,0,1,1,1,0,1,0,1,1,1,0,1,1,0,1,1,1,1,0,1,1,1,0,0,0,1,0,0,1,0,1,0,0,0,1,0,0,1,1,0,0,0,1,1,1,1,0,1,0,0,0,1,0,1,1,1,0,0,1,0,1,1,1,1,1,1,0,1,0,0
Collinsella aerofaciens (1001271st1_C3_1001271B_150615),0,1,0,0,1,0,0,0,0,1,1,1,0,1,0,1,0,1,0,1,0,0,1,1,1,1,0,1,1,1,0,0,1,0,1,0,1,0,1,0,0,0,1,0,0,1,1,0,0,0,1,1,1,1,0,1,0,0,0,1,0,1,1,1,0,0,1,0,1,1,1,1,1,1,0,1,0,0
Collinsella aerofaciens (1001271st1_B10_1001270J_160509),0,1,0,0,1,0,0,0,0,1,1,1,0,1,0,1,0,1,0,1,0,0,1,1,1,1,0,1,1,1,0,0,1,0,1,0,1,0,1,0,0,0,1,0,0,1,1,0,0,0,1,1,1,1,0,1,0,0,0,1,0,1,1,1,0,0,1,0,1,1,1,1,1,1,0,1,0,0
Collinsella aerofaciens (1001174st2_H7_1001174B_160307),0,1,0,0,1,0,0,0,0,1,1,1,0,1,0,1,0,1,0,1,0,1,1,1,1,1,0,1,1,1,1,0,1,1,1,0,1,0,1,0,0,0,1,0,0,1,1,0,0,0,1,1,1,1,0,1,0,0,0,1,1,1,0,1,0,0,1,0,1,1,1,1,1,1,0,1,0,0
Collinsella aerofaciens (1001174st1_E7_1001174B_160307),0,1,0,0,0,0,0,0,0,1,1,1,0,1,0,1,1,1,0,1,1,0,1,1,1,1,0,1,1,1,0,0,1,1,1,0,1,1,1,0,0,0,1,1,0,1,1,0,0,0,1,1,0,1,0,1,0,0,0,0,0,1,0,1,0,0,1,0,1,1,1,1,1,1,0,1,0,0
Collinsella aerofaciens (1001216st1_F6_1001216I_160404),0,1,0,0,0,0,0,0,0,1,1,1,0,1,0,1,0,1,0,1,0,0,1,1,1,1,0,1,1,1,0,0,0,0,0,0,1,0,1,0,0,0,1,0,0,1,1,0,0,0,1,1,0,1,0,1,0,0,0,0,0,1,0,1,0,0,1,0,1,1,1,1,1,1,0,1,0,0
Collinsella aerofaciens (1001216st1_F2_1001216I_160404),0,1,0,0,0,0,0,0,0,1,1,1,0,1,0,1,0,1,0,1,0,0,1,1,1,1,0,1,1,1,0,0,0,0,0,0,1,0,1,0,0,0,1,0,0,1,1,0,0,0,1,1,0,1,0,1,0,0,0,0,0,1,0,1,0,0,1,0,1,1,1,1,1,1,0,1,0,0
Collinsella aerofaciens (1001095st1_H8_1001095H_141210),0,0,0,0,1,0,0,0,0,1,1,1,0,1,0,1,0,1,0,1,0,1,1,1,1,1,0,1,1,1,1,0,1,0,1,0,1,1,1,0,0,0,1,0,0,1,1,0,0,0,1,1,0,1,0,1,0,0,0,1,0,1,0,1,0,1,1,0,1,1,1,1,1,1,0,1,0,0
Collinsella aerofaciens (1001216st1_F1_1001216I_160404),0,1,0,0,0,0,0,0,0,1,1,1,0,1,0,1,0,1,0,1,0,0,1,1,1,1,0,1,1,1,0,0,0,0,0,0,1,0,1,0,0,0,1,0,0,1,1,0,0,0,1,1,0,1,0,1,0,0,0,0,0,1,0,1,0,0,1,0,1,1,1,1,1,1,0,1,0,0
Collinsella aerofaciens (1001174st2_H3_1001174B_160307),0,1,0,0,1,0,0,0,0,1,1,1,0,1,0,1,0,1,0,1,0,1,1,1,1,1,0,1,1,1,1,0,1,1,1,0,1,0,1,0,0,0,1,0,0,1,1,0,0,0,1,1,1,1,0,1,0,0,0,1,1,1,0,1,0,0,1,0,1,1,1,1,1,1,0,1,0,0
Collinsella aerofaciens (RTP21311st1_E7_RTP21311_201001),0,0,0,0,0,0,0,0,0,1,1,1,0,1,0,1,0,1,0,1,0,0,1,1,1,1,0,1,1,1,0,0,1,0,1,0,1,0,1,0,0,0,1,1,0,1,1,0,0,0,1,1,1,1,0,1,0,1,0,1,0,1,1,1,0,0,1,0,1,1,1,1,1,1,0,1,0,0
Collinsella aerofaciens (BSD2780120874st1_A6_BSD2780120874_150323),0,1,0,0,0,0,0,0,0,1,1,1,0,1,0,1,0,1,0,1,0,0,1,1,1,1,0,1,1,1,0,0,0,1,0,0,1,0,1,0,0,0,1,0,0,1,1,0,0,0,1,1,1,1,0,1,0,0,0,0,1,1,0,1,0,0,1,0,1,1,1,1,1,1,0,1,0,0
Collinsella aerofaciens (D54st1_E3_D54t1_190329),0,0,0,0,0,0,0,0,0,1,1,1,0,1,0,1,1,1,0,1,1,0,1,1,1,1,0,1,1,1,0,0,1,0,1,0,1,1,1,0,0,0,1,0,0,1,1,0,0,0,1,1,0,1,0,1,0,0,0,1,0,1,0,1,0,0,1,0,1,1,1,1,1,1,0,1,0,0
Collinsella aerofaciens (RTP21311st1_H10_RTP21311_201001),0,0,0,0,0,0,0,0,0,1,1,1,0,1,0,1,0,1,0,1,0,0,1,1,1,1,0,1,1,1,0,0,1,0,1,0,1,0,1,0,0,0,1,1,0,1,1,0,0,0,1,1,1,1,0,1,0,0,0,1,0,1,1,1,0,0,1,0,1,1,1,1,1,1,0,1,0,0
Collinsella aerofaciens (J1101004st1_G7_J1101004_170508),0,0,0,0,0,0,0,0,0,1,1,1,0,1,0,1,1,1,0,1,1,0,1,1,1,1,0,1,1,1,0,0,0,1,0,0,1,1,1,0,0,0,1,0,0,1,1,0,0,0,1,1,0,1,0,1,0,0,0,1,0,1,0,1,0,0,1,0,1,1,1,1,1,1,0,1,0,0
Collinsella aerofaciens (RTP21221st1_H3_RTP21221_200709),0,0,0,0,1,0,0,0,0,1,1,1,0,1,0,1,0,1,0,1,0,1,1,1,1,1,0,1,1,1,1,0,1,1,0,0,1,1,1,0,0,0,0,0,0,1,1,0,0,0,1,1,0,1,0,1,0,0,0,0,0,1,0,1,0,0,1,0,1,1,1,1,1,1,0,1,0,0
Collinsella aerofaciens (RTP21311st1_A3_RTP21311_201001),0,0,0,0,0,0,0,0,0,1,1,1,0,1,0,1,0,1,0,1,0,0,1,1,1,1,0,1,1,1,0,0,1,0,1,0,1,0,1,0,0,0,1,1,0,1,1,0,0,0,1,1,1,1,0,1,0,1,0,1,0,1,1,1,0,0,1,0,1,1,1,1,1,1,0,1,0,0
Collinsella aerofaciens (D40st1_F6_D40t1_170626),0,1,0,0,0,0,0,0,0,1,1,1,0,1,0,1,1,1,0,1,1,1,1,1,1,1,0,1,1,1,1,0,1,0,1,0,1,0,1,0,0,0,1,0,0,1,1,0,0,0,1,1,1,1,0,1,0,0,0,1,0,1,0,1,0,1,1,0,1,1,1,1,1,1,0,1,0,0
Collinsella aerofaciens (BSD2780120874st1_H4_BSD2780120874_150323),0,1,0,0,0,0,0,0,0,1,1,1,0,1,0,1,0,1,0,1,0,0,1,1,1,1,0,1,1,1,0,0,0,1,0,0,1,0,1,0,0,0,1,0,0,1,1,0,0,0,1,1,1,1,0,1,0,0,0,0,1,1,0,1,0,0,1,0,1,1,1,1,1,1,0,1,0,0
Collinsella aerofaciens (D54st1_B3_D54t1_190329),0,0,0,0,0,0,0,0,0,1,1,1,0,1,0,1,1,1,0,1,1,0,1,1,1,1,0,1,1,1,0,0,1,0,1,0,1,1,1,0,0,0,1,0,0,1,1,0,0,0,1,1,0,1,0,1,0,0,0,1,0,1,0,1,0,0,1,0,1,1,1,1,1,1,0,1,0,0
Collinsella aerofaciens (D54st1_D2_D54t1_190329),0,0,0,0,0,0,0,0,0,1,1,1,0,1,0,1,1,1,0,1,1,0,1,1,1,1,0,1,1,1,0,0,1,0,1,0,1,1,1,0,0,0,1,0,0,1,1,0,0,0,1,1,0,1,0,1,0,0,0,1,0,1,0,1,0,0,1,0,1,1,1,1,1,1,0,1,0,0
Collinsella aerofaciens (J1101312st1_F1_J1101312_190322),0,0,0,0,1,0,0,0,0,1,1,1,0,1,0,1,0,1,0,1,0,0,1,1,1,1,0,1,1,1,0,0,0,1,1,0,1,0,1,0,0,0,1,1,0,1,1,0,0,0,1,1,0,1,0,1,0,0,0,1,0,1,0,1,0,0,1,0,1,1,1,1,1,1,0,1,0,0
Collinsella aerofaciens (J1101312st1_E6_J1101312_190322),0,0,0,0,1,0,0,0,0,1,1,1,0,1,0,1,0,1,0,1,0,0,1,1,1,1,0,1,1,1,0,0,0,1,1,0,1,0,1,0,0,0,1,1,0,1,1,0,0,0,1,1,0,1,0,1,0,0,0,1,0,1,0,1,0,0,1,0,1,1,1,1,1,1,0,1,0,0
Collinsella aerofaciens (J1100102st1_C6_J1100102_180507),0,1,0,0,0,0,0,0,0,1,1,1,0,1,0,1,1,1,0,1,1,0,1,1,1,1,0,1,1,1,0,0,1,0,1,0,1,1,1,0,0,0,1,0,0,1,1,0,0,0,1,1,0,1,0,1,0,0,0,0,0,1,0,1,0,0,1,0,1,1,1,1,1,1,1,1,0,0
Collinsella aerofaciens (D59st1_D7_D59t2_181005),0,0,0,0,1,0,0,0,0,1,1,1,0,1,0,1,1,1,0,1,1,0,1,1,1,1,0,1,1,1,0,0,0,1,1,0,1,1,1,0,0,0,1,0,0,1,1,0,0,0,1,1,0,1,0,1,0,0,0,0,0,1,0,1,0,0,1,0,1,1,1,1,1,1,0,1,0,0
Collinsella aerofaciens (J1101312st1_B6_J1101312_190322),0,0,0,0,1,0,0,0,0,1,1,1,0,1,0,1,0,1,0,1,0,0,1,1,1,1,0,1,1,1,0,0,0,1,1,0,1,0,1,0,0,0,1,1,0,1,1,0,0,0,1,1,0,1,0,1,0,0,0,1,0,1,0,1,0,0,1,0,1,1,1,1,1,1,0,1,0,0
Collinsella aerofaciens (BSD2780120875st1_F1_BSD2780120875b_170604),0,0,0,0,0,0,0,0,0,1,1,1,0,1,0,1,0,1,0,1,0,1,1,1,1,1,0,1,1,1,1,0,0,0,1,0,1,1,1,0,0,0,1,0,0,1,1,0,0,0,1,1,0,1,0,1,0,0,0,0,0,1,0,1,0,0,1,0,1,1,1,1,1,1,0,1,0,0
Collinsella aerofaciens (J1101312st1_B10_J1101312_190322),0,0,0,0,1,0,0,0,0,1,1,1,0,1,0,1,0,1,0,1,0,0,1,1,1,1,0,1,1,1,0,0,0,1,1,0,1,0,1,0,0,0,1,1,0,1,1,0,0,0,1,1,0,1,0,1,0,0,0,1,0,1,0,1,0,0,1,0,1,1,1,1,1,1,0,1,0,0
Collinsella aerofaciens (D54st1_D6_D54t1_190329),0,0,0,0,0,0,0,0,0,1,1,1,0,1,0,1,1,1,0,1,1,0,1,1,1,1,0,1,1,1,0,0,1,0,1,0,1,1,1,0,0,0,1,0,0,1,1,0,0,0,1,1,0,1,0,1,0,0,0,1,0,1,0,1,0,0,1,0,1,1,1,1,1,1,0,1,0,0
Collinsella aerofaciens (D54st1_G2_D54t1_190329),0,0,0,0,0,0,0,0,0,1,1,1,0,1,0,1,1,1,0,1,1,0,1,1,1,1,0,1,1,1,0,0,1,0,1,0,1,1,1,0,0,0,1,0,0,1,1,0,0,0,1,1,0,1,0,1,0,0,0,1,0,1,0,1,0,0,1,0,1,1,1,1,1,1,0,1,0,0
Collinsella aerofaciens (D59st1_A1_D59t2_181005),0,0,0,0,1,0,0,0,0,1,1,1,0,1,0,1,1,1,0,1,1,0,1,1,1,1,0,1,1,1,0,0,0,1,1,0,1,1,1,0,0,0,1,0,0,1,1,0,0,0,1,1,0,1,0,1,0,0,0,0,0,1,0,1,0,0,1,0,1,1,1,1,1,1,0,1,0,0
Collinsella aerofaciens (1025st1_F4_1025SCRN_200924),0,1,0,0,0,0,0,0,0,1,1,1,0,1,0,1,1,1,0,1,1,0,1,1,1,1,0,1,1,1,0,0,0,1,0,0,1,0,1,0,0,0,1,0,0,1,1,0,0,0,1,1,1,1,0,1,0,0,0,1,0,1,1,1,0,0,1,0,1,1,1,1,1,1,0,1,0,0
Collinsella aerofaciens (D41st1_A6_D41t1_190614),0,0,0,0,1,0,0,0,0,1,1,1,0,1,0,1,1,1,0,1,1,1,1,1,1,1,0,1,1,1,1,0,1,1,0,0,1,1,1,0,0,1,1,0,0,1,1,0,0,0,1,1,0,1,0,1,0,0,0,0,0,1,0,1,0,0,1,0,1,1,1,1,1,1,1,1,0,0
Collinsella aerofaciens (D54st1_F11_D54t1_190329),0,0,0,0,0,0,0,0,0,1,1,1,0,1,0,1,1,1,0,1,1,0,1,1,1,1,0,1,1,1,0,0,1,0,1,0,1,1,1,0,0,0,1,0,0,1,1,0,0,0,1,1,0,1,0,1,0,0,0,1,0,1,0,1,0,0,1,0,1,1,1,1,1,1,0,1,0,0
Collinsella aerofaciens (D54st1_C1_D54t1_190329),0,0,0,0,0,0,0,0,0,1,1,1,0,1,0,1,1,1,0,1,1,0,1,1,1,1,0,1,1,1,0,0,1,0,1,0,1,1,1,0,0,0,1,0,0,1,1,0,0,0,1,1,0,1,0,1,0,0,0,1,0,1,0,1,0,0,1,0,1,1,1,1,1,1,0,1,0,0
Collinsella aerofaciens (D53st1_E7_D53t1_180928),0,0,0,0,0,0,0,0,0,1,1,1,0,1,0,1,0,1,0,1,0,0,1,1,1,1,0,1,1,1,0,0,1,1,1,0,1,1,1,0,0,0,1,0,0,1,1,0,0,0,1,1,0,1,0,1,0,0,0,0,0,1,0,1,0,0,1,0,1,1,1,1,1,1,1,1,0,0
Collinsella aerofaciens (D53st1_E3_D53t1_180928),0,0,0,0,0,0,0,0,0,1,1,1,0,1,0,1,0,1,0,1,0,0,1,1,1,1,0,1,1,1,0,0,1,1,1,0,1,1,1,0,0,0,1,0,0,1,1,0,0,0,1,1,0,1,0,1,0,0,0,0,0,1,0,1,0,0,1,0,1,1,1,1,1,1,1,1,0,0
Collinsella aerofaciens (D53st1_D6_D53t1_180928),0,0,0,0,0,0,0,0,0,1,1,1,0,1,0,1,0,1,0,1,0,0,1,1,1,1,0,1,1,1,0,0,1,1,1,0,1,1,1,0,0,0,1,0,0,1,1,0,0,0,1,1,0,1,0,1,0,0,0,0,0,1,0,1,0,0,1,0,1,1,1,1,1,1,1,1,0,0
Collinsella aerofaciens (BSD2780120874st1_C3_BSD2780120874b_170522),0,1,0,0,0,0,0,0,0,1,1,1,0,1,0,1,0,1,0,1,0,0,1,1,1,1,0,1,1,1,0,0,0,1,0,0,1,0,1,0,0,0,1,0,0,1,1,0,0,0,1,1,1,1,0,1,0,0,0,0,1,1,0,1,0,0,1,0,1,1,1,1,1,1,0,1,0,0
Collinsella aerofaciens (D52st1_G10_D52t1_170925),0,1,0,0,0,0,0,0,0,1,1,1,0,1,0,1,1,1,0,1,1,0,1,1,1,1,0,1,1,1,0,0,0,1,1,0,1,1,1,0,0,0,1,0,0,1,1,0,0,0,1,1,0,1,0,1,0,0,0,0,0,1,0,1,0,0,1,0,1,1,1,1,1,1,0,1,0,0
Collinsella aerofaciens (D35st2_F2_D35t1_190705),0,0,0,0,0,0,0,0,0,1,1,1,0,1,0,1,0,1,0,1,0,0,1,1,1,1,0,1,1,1,0,0,1,0,0,0,1,1,1,0,0,0,1,0,0,1,1,0,0,0,1,1,0,1,0,1,0,0,0,1,0,1,0,1,0,0,1,0,1,1,1,1,1,1,0,1,0,0
Collinsella aerofaciens (D31st1_E2_D31t1_170403),0,1,0,0,0,0,0,0,0,1,1,1,0,1,0,1,1,1,0,1,1,1,1,1,1,1,0,1,1,1,1,0,1,1,0,0,1,0,1,0,0,0,0,0,0,1,1,0,0,0,1,1,1,1,0,1,0,0,0,1,0,1,0,1,0,1,1,0,1,1,1,1,1,1,0,1,0,0
Collinsella aerofaciens (1001275st1_A6_1001275B_160808),0,0,0,0,0,0,0,0,0,1,1,1,0,1,0,1,1,1,0,1,1,0,1,1,1,1,0,1,1,1,1,0,0,0,0,0,1,1,1,0,0,0,1,0,0,1,1,0,0,0,1,1,0,1,0,1,0,0,0,0,0,1,0,1,0,0,1,0,1,1,1,1,1,1,1,1,0,0
Collinsella aerofaciens (D35st1_A12_D35t1_190705),0,0,0,0,0,0,0,0,0,1,1,1,0,1,0,1,0,1,0,1,0,0,1,1,1,1,0,1,1,1,0,0,1,1,1,0,1,1,1,0,0,0,1,0,0,1,1,0,0,0,1,1,0,1,0,1,0,0,0,1,0,1,0,1,1,0,1,0,1,1,1,1,1,1,1,1,0,0
Collinsella aerofaciens (1001713st1_B11_1001713B170131_170501),0,0,0,0,0,0,0,0,0,1,1,1,0,1,0,1,0,1,0,1,0,1,1,1,1,1,0,1,1,1,1,0,0,0,0,0,1,0,1,0,0,0,1,0,0,1,1,0,0,0,1,1,0,1,0,1,0,0,0,0,0,1,0,1,0,0,1,0,1,1,1,1,1,1,0,1,0,0
Collinsella aerofaciens (1025st1_C9_1025SCRN_200924),0,1,0,0,0,0,0,0,0,1,1,1,0,1,0,1,1,1,0,1,1,0,1,1,1,1,0,1,1,1,0,0,0,1,0,0,1,0,1,0,0,0,1,0,0,1,1,0,0,0,1,1,1,1,0,1,0,0,0,1,0,1,1,1,0,0,1,0,1,1,1,1,1,1,0,1,0,0
Collinsella aerofaciens (BSD3448080949st1_E7_BSD3448080949_160606),0,1,0,0,1,0,0,0,0,1,1,1,0,1,0,1,0,1,0,1,0,1,1,1,1,1,0,1,1,1,1,0,1,0,1,0,1,1,1,0,0,0,1,0,0,1,1,0,0,0,1,1,1,1,0,1,0,1,0,1,0,1,0,1,0,1,1,0,1,1,1,1,1,1,0,1,0,0
Collinsella aerofaciens (BSD2780061688st1_F5_BSD2780061688b_171218),0,1,0,0,1,0,0,0,0,1,1,1,0,1,0,1,0,1,0,1,0,0,1,1,1,1,0,1,1,1,1,0,1,1,1,0,1,1,1,0,0,0,1,0,0,1,1,0,0,0,1,1,0,1,0,1,0,0,0,1,0,1,0,1,1,0,1,0,1,1,1,1,1,1,1,1,0,0
Collinsella aerofaciens (BSD2780061688st1_C12_BSD2780061688b_171218),0,1,0,0,1,0,0,0,0,1,1,1,0,1,0,1,0,1,0,1,0,0,1,1,1,1,0,1,1,1,1,0,1,1,1,0,1,1,1,0,0,0,1,0,0,1,1,0,0,0,1,1,0,1,0,1,0,0,0,1,0,1,0,1,1,0,1,0,1,1,1,1,1,1,1,1,0,0
Collinsella aerofaciens (1001262st1_E3_1001262B_160229),0,1,0,0,0,0,0,0,0,1,1,1,0,1,0,1,0,1,0,1,0,0,1,1,1,1,0,1,1,1,0,0,0,1,1,0,1,0,1,0,0,0,1,0,0,1,1,0,0,0,1,1,0,1,0,1,0,0,0,0,0,1,0,1,0,0,1,0,1,1,1,1,1,1,0,1,0,0
Collinsella aerofaciens (1001285st1_B5_1001285I_161205),0,1,0,0,0,0,0,0,0,1,1,1,0,1,0,1,0,1,0,1,0,0,1,1,1,1,0,1,1,1,0,0,1,0,1,0,1,0,1,0,0,0,1,1,0,1,1,0,0,0,1,1,1,1,0,1,0,0,0,1,0,1,1,1,0,0,1,0,1,1,1,1,1,1,0,1,0,0
Collinsella aerofaciens (1001285st1_H4_1001285I_161205),0,1,0,0,0,0,0,0,0,1,1,1,0,1,0,1,0,1,0,1,0,0,1,1,1,1,0,1,1,1,0,0,1,0,1,0,1,0,1,0,0,0,1,1,0,1,1,0,0,0,1,1,1,1,0,1,0,0,0,1,0,1,1,1,0,0,1,0,1,1,1,1,1,1,0,1,0,0
Collinsella aerofaciens (HTF-129),0,1,0,0,0,0,0,0,1,1,1,1,0,1,0,1,1,1,0,1,1,0,1,1,1,1,0,1,1,1,0,0,1,1,0,0,1,1,1,0,0,0,1,0,0,1,1,0,0,0,1,1,0,1,0,1,0,1,0,0,0,1,0,1,0,0,1,0,1,1,1,1,1,1,0,1,0,0
Collinsella aerofaciens (4PBA),0,1,0,0,0,0,0,0,0,1,1,1,0,1,0,1,1,1,0,1,1,1,1,1,1,1,0,1,1,1,1,0,1,1,0,0,1,1,1,0,0,0,0,0,0,1,1,0,0,0,1,1,0,1,0,1,0,0,0,1,0,1,0,1,0,0,1,1,1,1,1,1,1,1,0,1,0,0
Collinsella aerofaciens (2227st1_H1_2227SCRN_220401),0,0,0,0,0,0,0,0,0,1,1,1,0,1,0,1,0,1,0,1,0,0,1,1,1,1,0,1,1,1,0,0,1,0,1,0,1,0,1,0,0,0,1,0,0,1,1,0,0,0,1,1,1,1,0,1,0,0,0,1,0,1,1,1,0,0,1,0,1,1,1,1,1,1,0,1,0,0
Collinsella aerofaciens (2227st1_B8_2227SCRN_220401),0,0,0,0,0,0,0,0,0,1,1,1,0,1,0,1,0,1,0,1,0,0,1,1,1,1,0,1,1,1,0,0,1,0,1,0,1,0,1,0,0,0,1,0,0,1,1,0,0,0,1,1,1,1,0,1,0,0,0,1,0,1,1,1,0,0,1,0,1,1,1,1,1,1,0,1,0,0
Collinsella aerofaciens (2227st1_C8_2227SCRN_220401),0,0,0,0,0,0,0,0,0,1,1,1,0,1,0,1,0,1,0,1,0,0,1,1,1,1,0,1,1,1,0,0,1,0,1,0,1,0,1,0,0,0,1,0,0,1,1,0,0,0,1,1,1,1,0,1,0,0,0,1,0,1,1,1,0,0,1,0,1,1,1,1,1,1,0,1,0,0
Collinsella aerofaciens (1033st2_H11_1033SCRN_220408),0,1,0,0,0,0,0,0,0,1,1,1,0,1,0,1,0,1,0,1,0,0,1,1,1,1,0,1,1,1,0,0,0,1,1,0,1,0,1,0,0,0,1,0,0,1,1,0,0,0,1,1,1,1,0,1,0,0,0,1,0,1,0,1,0,0,1,1,1,1,1,1,1,1,0,1,0,0
Collinsella aerofaciens (2227st1_B5_2227SCRN_220401),0,0,0,0,0,0,0,0,0,1,1,1,0,1,0,1,0,1,0,1,0,0,1,1,1,1,0,1,1,1,0,0,1,0,1,0,1,0,1,0,0,0,1,0,0,1,1,0,0,0,1,1,1,1,0,1,0,0,0,1,0,1,1,1,0,0,1,0,1,1,1,1,1,1,0,1,0,0
Collinsella aerofaciens (1033st2_B11_1033SCRN_220408),0,1,0,0,0,0,0,0,0,1,1,1,0,1,0,1,0,1,0,1,0,0,1,1,1,1,0,1,1,1,0,0,0,1,1,0,1,0,1,0,0,0,1,0,0,1,1,0,0,0,1,1,1,1,0,1,0,0,0,1,0,1,0,1,0,0,1,1,1,1,1,1,1,1,0,1,0,0
Collinsella aerofaciens (1033st1_A2_1033SCRN_220408),0,0,0,0,0,0,0,0,0,1,1,1,0,1,0,1,0,1,0,1,0,0,1,1,1,1,0,1,1,1,0,0,1,1,1,0,1,0,1,0,0,0,1,0,0,1,1,0,0,0,1,1,1,1,0,1,0,0,0,1,0,1,0,1,0,0,1,1,1,1,1,1,1,1,0,1,0,0
Collinsella aerofaciens (RTP31081st1_E8_RTP31081_211007),0,0,0,0,1,0,0,0,0,1,1,1,0,1,0,1,0,1,0,1,0,0,1,1,1,1,0,1,1,1,0,0,1,0,1,0,1,1,1,0,0,0,1,0,0,1,1,0,0,0,1,1,1,1,0,1,0,0,0,0,0,1,0,1,0,1,1,0,1,1,1,1,1,1,0,1,0,0
Collinsella aerofaciens (RTP31081st1_B2_RTP31081_211007),0,0,0,0,1,0,0,0,0,1,1,1,0,1,0,1,0,1,0,1,0,0,1,1,1,1,0,1,1,1,0,0,1,0,1,0,1,1,1,0,0,0,1,0,0,1,1,0,0,0,1,1,1,1,0,1,0,0,0,0,0,1,0,1,0,1,1,0,1,1,1,1,1,1,0,1,0,0
Collinsella aerofaciens (RTP31015st1_H7_RTP31015_201113),0,1,0,0,1,0,0,0,0,1,1,1,0,1,0,1,0,1,0,1,0,0,1,1,1,1,0,1,1,1,1,0,1,1,1,0,1,1,1,0,0,0,1,1,0,1,1,0,0,0,1,1,0,0,0,1,0,0,0,1,0,1,0,1,0,0,1,0,1,1,1,1,1,1,0,1,0,0
Collinsella aerofaciens (RTP31015st1_E1_RTP31015_201113),0,1,0,0,1,0,0,0,0,1,1,1,0,1,0,1,0,1,0,1,0,0,1,1,1,1,0,1,1,1,1,0,1,1,1,0,1,1,1,0,0,0,1,1,0,1,1,0,0,0,1,1,0,0,0,1,0,0,0,1,0,1,0,1,0,0,1,0,1,1,1,1,1,1,0,1,0,0
Collinsella aerofaciens (RTP31015st1_C1_RTP31015_201113),0,1,0,0,1,0,0,0,0,1,1,1,0,1,0,1,0,1,0,1,0,0,1,1,1,1,0,1,1,1,1,0,1,1,1,0,1,1,1,0,0,0,1,1,0,1,1,0,0,0,1,1,0,0,0,1,0,0,0,1,0,1,0,1,0,0,1,0,1,1,1,1,1,1,0,1,0,0
Collinsella aerofaciens (RTP21428st2_E2_RTP21428_210409),0,1,0,0,1,0,0,0,0,1,1,1,0,1,0,1,0,1,0,1,0,1,1,0,1,1,0,1,1,1,1,0,1,0,1,0,1,1,1,0,0,0,1,0,0,1,1,0,0,0,1,1,0,1,0,1,0,0,0,0,0,1,0,1,0,0,1,0,1,1,1,1,1,1,0,1,0,0
Collinsella aerofaciens (RTP31015st1_B4_RTP31015_201113),0,1,0,0,1,0,0,0,0,1,1,1,0,1,0,1,0,1,0,1,0,0,1,1,1,1,0,1,1,1,1,0,1,1,1,0,1,1,1,0,0,0,1,1,0,1,1,0,0,0,1,1,0,0,0,1,0,0,0,1,0,1,0,1,0,0,1,0,1,1,1,1,1,1,0,1,0,0
Collinsella aerofaciens (RTP31002st1_G1_RTP31002_201218),0,1,0,0,0,0,0,0,0,1,1,1,0,1,0,1,0,1,0,1,0,0,1,1,1,1,0,1,1,1,0,0,1,1,1,0,1,1,1,0,0,0,1,1,0,1,1,0,0,0,1,1,0,1,0,1,0,0,0,0,0,1,0,1,0,0,1,0,1,1,0,1,1,1,0,1,0,0
Collinsella aerofaciens (RTP21428st2_B7_RTP21428_210409),0,1,0,0,1,0,0,0,0,1,1,1,0,1,0,1,0,1,0,1,0,1,1,1,1,1,0,1,1,1,1,0,1,0,1,0,1,1,1,0,0,0,1,0,0,1,1,0,0,0,1,1,0,1,0,1,0,0,0,0,0,1,0,1,0,0,1,0,1,1,1,1,1,1,0,1,0,0
Collinsella aerofaciens (RTP21428st1_A12_RTP21428_210409),0,1,0,0,1,0,0,0,0,1,1,1,0,1,0,1,0,1,0,1,0,0,1,1,1,1,0,1,1,1,0,0,1,1,1,0,1,1,1,0,0,0,1,0,0,1,1,0,0,0,1,1,1,1,0,1,0,0,0,0,0,1,0,1,0,0,1,0,1,1,1,1,1,1,0,1,0,0
Collinsella aerofaciens (RTP21428st1_G5_RTP21428_210409),0,1,0,0,1,0,0,0,0,1,1,1,0,1,0,1,0,1,0,1,0,0,1,1,1,1,0,1,1,1,0,0,1,1,1,0,1,1,1,0,0,0,1,0,0,1,1,0,0,0,1,1,0,1,0,1,0,0,0,0,0,1,0,1,0,0,1,0,1,1,1,1,1,1,0,1,0,0
Collinsella aerofaciens (RTP21484st2_F4_RTP21484_190118),0,0,0,0,1,0,0,0,0,1,1,1,0,1,0,1,1,1,0,1,1,1,1,1,1,1,0,1,1,1,1,0,1,1,1,0,1,1,1,0,1,0,1,1,0,1,1,0,1,0,1,1,0,1,0,1,0,1,0,1,0,1,0,1,1,1,1,0,1,1,1,1,1,1,1,1,0,0
Collinsella aerofaciens (D52st1_C12_D52t1_170925),0,1,0,0,0,0,0,0,0,1,1,1,0,1,0,1,1,1,0,1,1,0,1,1,0,1,0,1,1,1,0,0,0,1,1,0,1,1,1,0,0,0,1,0,0,1,1,0,0,0,1,1,0,1,0,1,0,0,0,0,0,1,0,1,0,0,1,0,1,1,1,1,1,1,0,1,0,0
Collinsella aerofaciens (1001099st1_A1_1001099B_141217),0,0,0,0,1,0,0,0,0,1,1,1,0,1,0,1,1,1,0,1,1,1,1,1,1,1,0,1,1,1,0,0,1,0,0,0,1,1,1,0,0,0,0,0,0,1,1,0,0,0,1,1,0,1,1,1,0,0,0,1,0,1,0,1,0,1,1,0,1,1,1,1,1,1,0,1,0,0
Collinsella aerofaciens (1001099st1_B2_1001099B_141217),0,0,0,0,1,0,0,0,0,1,1,1,0,1,0,1,1,1,0,1,1,1,1,1,1,1,0,1,1,1,0,0,1,0,0,0,1,1,1,0,0,0,0,0,0,1,1,0,0,0,1,1,0,1,1,1,0,0,0,1,0,1,0,1,0,1,1,0,1,1,1,1,1,1,0,1,0,0
Collinsella aerofaciens (RTP21484st1_D6_RTP21484_190118),0,1,0,0,0,0,0,0,0,1,1,1,0,1,0,1,0,1,0,1,0,0,1,1,1,1,0,1,1,1,0,0,1,1,0,0,1,1,1,0,0,0,1,0,0,1,1,0,0,0,1,1,0,1,0,1,0,0,0,0,0,1,0,1,0,0,1,0,1,1,1,1,1,1,0,1,0,0
Collinsella aerofaciens (1001271st1_B11_1001271B_151109),0,1,0,0,1,0,0,0,0,1,1,1,0,1,0,1,0,1,0,1,0,0,1,1,1,1,0,1,1,1,0,0,1,0,1,0,1,0,1,0,0,0,1,0,0,1,1,0,0,0,1,1,1,1,0,1,0,0,0,1,0,1,1,1,0,0,1,0,1,1,1,1,1,1,0,1,0,0
Collinsella aerofaciens (RTP31036st1_F1_RTP31036_200814),0,1,0,0,0,0,0,0,0,1,1,1,0,1,0,1,1,1,0,1,1,0,1,1,1,1,0,1,1,1,1,0,1,1,1,0,1,1,1,0,0,0,1,1,0,1,1,0,0,1,1,1,0,1,0,1,0,1,0,1,0,1,0,1,0,1,1,0,1,1,1,1,1,1,0,1,0,0
Collinsella aerofaciens (RTP31036st1_D6_RTP31036_200814),0,1,0,0,0,0,0,0,0,1,1,1,0,1,0,1,1,1,0,1,1,0,1,1,1,1,0,1,1,1,1,0,1,1,1,0,1,1,1,0,0,0,1,1,0,1,1,0,0,1,1,1,0,1,0,1,0,1,0,1,0,1,0,1,0,1,1,0,1,1,1,1,1,1,0,1,0,0
Collinsella aerofaciens (RTP31036st1_D12_RTP31036_200814),0,1,0,0,0,0,0,0,0,1,1,1,0,1,0,1,1,1,0,1,1,0,1,1,1,1,0,1,1,1,1,0,1,1,1,0,1,1,1,0,0,0,1,1,0,1,1,0,0,1,1,1,0,1,0,1,0,1,0,1,0,1,0,1,0,1,1,0,1,1,1,1,1,1,0,1,0,0
Collinsella aerofaciens (RTP21222st1_G8_RTP21222_200807),0,0,0,0,1,0,0,0,0,1,1,1,0,1,0,1,0,1,0,1,0,1,1,1,1,1,0,1,1,1,1,0,1,1,0,0,1,1,1,0,0,0,1,0,0,1,1,0,0,0,1,1,0,1,0,1,0,0,0,0,0,1,0,1,0,0,1,0,1,1,1,1,1,1,0,1,0,0
Collinsella aerofaciens (RTP21222st1_F8_RTP21222_200807),0,0,0,0,1,0,0,0,0,1,1,1,0,1,0,1,0,1,0,1,0,1,1,1,1,1,0,1,1,1,1,0,1,1,0,0,1,1,1,0,0,0,1,0,0,1,1,0,0,0,1,1,0,1,0,1,0,0,0,0,0,1,0,1,0,0,1,0,1,1,0,1,1,1,0,1,0,0
Collinsella aerofaciens (RTP21222st1_G2_RTP21222_200807),0,0,0,0,1,0,0,0,0,1,1,1,0,1,0,1,0,1,0,1,0,1,1,1,1,1,0,1,1,1,1,0,1,1,0,0,1,1,1,0,0,0,1,0,0,1,1,0,0,0,1,1,0,1,0,1,0,0,0,0,0,1,0,1,0,0,1,0,1,1,1,1,1,1,0,1,0,0
Collinsella aerofaciens (RTP21221st1_C11_RTP21221_200709),0,0,0,0,1,0,0,0,0,1,1,1,0,1,0,1,0,1,0,1,0,1,1,1,1,1,0,1,1,1,1,0,1,1,0,0,1,1,1,0,0,0,0,0,0,1,1,0,0,0,1,1,0,1,0,1,0,0,0,0,0,1,0,1,0,0,1,0,1,1,1,1,1,1,0,1,0,0
Collinsella aerofaciens (RTP21191st1_F8_RTP21191_200730),0,1,0,0,1,0,0,0,0,1,1,1,0,1,0,1,1,1,0,1,1,0,1,1,1,1,0,1,1,1,0,0,1,0,1,0,1,1,1,0,0,0,1,0,0,1,1,0,0,0,1,1,0,1,0,1,0,0,0,1,0,1,0,1,0,0,1,0,1,1,1,1,1,1,0,1,0,0
Collinsella aerofaciens (RTP21191st1_E5_RTP21191_200730),0,1,0,0,1,0,0,0,0,1,1,1,0,1,0,1,1,1,0,1,1,0,1,1,1,1,0,1,1,1,0,0,1,0,1,0,1,1,1,0,0,0,1,0,0,0,1,0,0,0,1,1,0,1,0,1,0,0,0,1,0,1,0,1,0,0,1,0,1,1,1,1,1,1,0,1,0,0
Collinsella aerofaciens (RTP21191st1_E11_RTP21191_200730),0,1,0,0,1,0,0,0,0,1,1,1,0,1,0,1,1,1,0,1,1,0,1,1,1,1,0,1,1,1,0,0,1,0,1,0,1,1,1,0,0,0,1,0,0,1,1,0,0,0,1,1,0,1,0,1,0,0,0,1,0,1,0,1,0,0,1,0,1,1,1,1,1,1,0,1,0,0
Collinsella aerofaciens (RTP21191st1_E8_RTP21191_200730),0,1,0,0,1,0,0,0,0,1,1,1,0,1,0,1,1,1,0,1,1,0,1,1,1,1,0,1,1,1,0,0,1,0,1,0,1,1,1,0,0,0,1,0,0,1,1,0,0,0,1,1,0,1,0,1,0,0,0,1,0,1,0,1,0,0,1,0,1,1,1,1,1,1,0,1,0,0
Collinsella aerofaciens (RTP21191st1_C6_RTP21191_200730),0,1,0,0,1,0,0,0,0,1,1,1,0,1,0,1,1,1,0,1,1,0,1,1,1,1,0,1,1,1,0,0,1,0,1,0,1,1,1,0,0,0,1,0,0,1,1,0,0,0,1,0,0,1,0,1,0,0,0,1,0,1,0,1,0,0,1,0,1,1,1,1,1,1,0,1,0,0
Collinsella aerofaciens (J1100102st1_D9_J1100102_180507),0,1,0,0,0,0,0,0,0,1,1,1,0,1,0,1,1,1,0,1,1,0,1,1,1,1,0,1,1,1,0,0,1,0,1,0,1,1,1,0,0,0,1,0,0,1,1,0,0,0,1,1,0,1,0,1,0,0,0,0,0,1,0,1,0,0,1,0,1,1,1,1,1,1,0,1,0,0
Collinsella aerofaciens (RTP21191st1_C2_RTP21191_200730),0,1,0,0,1,0,0,0,0,1,1,1,0,1,0,1,1,1,0,1,1,0,1,1,1,1,0,1,1,1,0,0,1,0,1,0,1,1,1,0,0,0,1,0,0,1,1,0,0,0,1,1,0,1,0,1,0,0,0,1,0,1,0,1,0,0,1,0,1,1,1,1,1,1,0,1,0,0
Collinsella aerofaciens (D6st1_A4_D6t1_180914),0,1,0,0,0,0,0,0,0,1,1,1,0,1,0,1,0,1,0,1,0,0,1,1,1,1,0,1,1,1,0,0,0,1,1,0,1,1,1,0,0,0,1,0,0,1,1,0,0,0,1,1,0,1,0,1,0,0,0,1,0,1,0,1,1,1,1,0,1,1,1,1,1,1,1,1,0,0
Collinsella aerofaciens (BSD3448080949st1_H5_BSD3448080949_160606),0,1,0,0,1,0,0,0,0,1,1,1,0,1,0,1,0,1,0,1,0,1,1,1,1,1,0,1,1,1,1,0,1,0,1,0,1,1,1,0,0,0,1,0,0,1,1,0,0,0,1,1,1,1,0,1,0,1,0,1,0,1,0,1,0,1,1,0,1,1,1,1,1,1,0,1,0,0
Collinsella aerofaciens (BSD3448080949st1_E8_BSD3448080949_160606),0,1,0,0,1,0,0,0,0,1,1,1,0,1,0,1,0,1,0,1,0,1,1,1,1,1,0,1,1,1,1,0,1,0,1,0,1,1,1,0,0,0,1,0,0,1,1,0,0,0,1,1,1,1,0,1,0,1,0,1,0,1,0,1,0,1,1,0,1,1,1,1,1,1,0,1,0,0
Collinsella aerofaciens (BSD3448080949st1_A9_BSD3448080949_160606),0,1,0,0,1,0,0,0,0,1,1,1,0,1,0,1,0,1,0,1,0,1,1,1,1,1,0,1,1,1,1,0,1,0,1,0,1,1,1,0,0,0,1,0,0,1,1,0,0,0,1,1,1,1,0,1,0,1,0,1,0,1,0,1,0,1,1,0,1,1,1,1,1,1,0,1,0,0
Collinsella aerofaciens (1025st1_E11_1025SCRN_200924),0,1,0,0,0,0,0,0,0,1,1,1,0,1,0,1,1,1,0,1,1,0,1,1,1,1,0,1,1,1,0,0,0,1,0,0,1,0,1,0,0,0,1,0,0,1,1,0,0,0,1,1,1,1,0,1,0,0,0,1,0,1,0,1,0,0,1,0,1,1,0,1,1,1,0,1,0,0
Collinsella aerofaciens (1001713st1_C12_1001713B170207_170306),0,0,0,0,0,0,0,0,0,1,1,1,0,1,0,1,0,1,0,1,0,1,1,1,1,1,0,1,1,1,1,0,0,0,0,0,1,0,1,0,0,0,1,0,0,1,1,0,0,0,1,1,0,1,0,1,0,0,0,0,0,1,0,1,0,0,1,0,1,1,1,1,1,1,0,1,0,0
Collinsella aerofaciens (1001271st1_F12_1001270J_160509),0,1,0,0,1,0,0,0,0,1,1,1,0,1,0,1,0,1,0,1,0,0,1,1,1,1,0,1,1,1,0,0,1,0,1,0,1,0,1,0,0,0,1,0,0,1,1,0,0,0,1,1,1,1,0,1,0,0,0,1,0,1,1,1,0,0,1,0,1,1,1,1,1,1,0,1,0,0
Collinsella aerofaciens (1001271st1_C12_1001271B_151109),0,1,0,0,1,0,0,0,0,1,1,1,0,1,0,1,0,1,0,1,0,0,1,1,0,1,0,1,1,1,0,0,1,0,1,0,1,0,1,0,0,0,1,0,0,1,1,0,0,0,1,1,1,1,0,1,0,0,0,1,0,1,1,1,0,0,1,0,1,1,1,1,1,1,0,1,0,0
Collinsella aerofaciens (1001271st1_A2_1001270J_160509),0,1,0,0,1,0,0,0,0,1,1,1,0,1,0,1,0,1,0,1,0,0,1,1,1,1,0,1,1,1,0,0,1,0,1,0,1,0,1,0,0,0,1,0,0,1,1,0,0,0,1,1,1,1,0,1,0,0,0,1,0,1,1,1,0,0,1,0,1,1,1,1,1,1,0,1,0,0
Collinsella aerofaciens (RTP21360st1_C6_RTP21360_211022),0,1,0,0,1,0,0,0,0,1,1,1,0,1,0,1,1,1,0,1,1,1,1,1,1,1,0,1,1,1,1,0,1,1,1,0,1,0,1,0,0,0,1,1,0,1,1,0,0,0,1,1,0,0,0,1,0,0,0,1,0,1,0,1,0,0,1,0,1,1,1,1,1,1,0,1,0,0
Collinsella aerofaciens (RTP21360st1_D10_RTP21360_211022),0,1,0,0,1,0,0,0,0,1,1,1,0,1,0,1,1,1,0,1,1,1,1,1,1,1,0,1,1,1,1,0,1,1,1,0,1,0,1,0,0,0,1,1,0,1,1,0,0,0,1,1,0,0,0,1,0,0,0,1,0,1,0,1,0,0,1,0,1,1,1,1,1,1,0,1,0,0
Collinsella aerofaciens (RTP21360st1_A2_RTP21360_211022),0,1,0,0,1,0,0,0,0,1,1,1,0,1,0,1,1,1,0,1,1,1,1,1,1,1,0,1,1,1,1,0,1,1,1,0,1,0,1,0,0,0,1,1,0,1,1,0,0,0,1,1,0,0,0,1,0,0,0,1,0,1,0,1,0,0,1,0,1,1,1,1,1,1,0,1,0,0
Collinsella aerofaciens (RTP21359st1_C12_RTP21359_211015),0,0,0,0,1,0,0,0,0,1,1,1,0,1,0,1,0,1,0,1,0,0,1,1,1,1,0,1,1,1,0,0,1,1,0,0,1,1,1,0,0,0,1,0,0,1,1,0,0,0,1,1,0,1,0,1,0,0,0,1,0,1,0,1,0,1,1,0,1,1,1,1,1,1,0,1,0,0
Collinsella aerofaciens (RTP21358st1_C6_RTP21358_211008),0,1,0,0,0,0,0,0,0,1,1,1,0,1,0,1,1,1,0,1,1,1,1,0,0,1,0,1,1,1,1,1,0,1,1,0,1,0,1,0,1,0,1,0,0,1,1,1,1,0,1,1,1,1,0,1,1,0,0,0,0,1,0,1,0,0,1,0,1,1,1,1,1,1,0,1,1,1
Collinsella aerofaciens (RTP21358st2_G12_RTP21358_211008),0,0,0,0,0,0,0,0,0,1,1,1,0,1,0,1,0,1,0,1,0,1,1,1,1,1,0,1,1,1,1,0,0,0,1,0,1,1,1,0,0,0,1,0,0,1,1,0,0,0,1,1,0,1,0,1,0,0,0,1,0,1,0,1,1,1,1,1,1,1,1,1,1,1,0,1,0,0
Collinsella aerofaciens (RTP21358st2_D6_RTP21358_211008),0,0,0,0,0,0,0,0,0,1,1,1,0,1,0,1,0,1,0,1,0,1,1,1,1,1,0,1,1,1,1,0,0,0,1,0,1,1,1,0,0,0,1,0,0,1,1,0,0,0,1,1,0,1,0,1,0,0,0,1,0,1,0,1,1,1,1,1,1,1,1,1,1,1,0,1,0,0
Collinsella aerofaciens (RTP21358st1_A10_RTP21358_211008),0,1,0,0,0,0,0,0,0,1,1,1,0,1,0,1,1,1,0,1,1,1,1,1,1,1,0,1,1,1,1,1,0,1,1,0,1,0,1,0,1,0,1,0,0,1,1,1,1,0,1,1,1,1,0,1,1,0,0,0,0,1,0,1,0,0,1,0,1,1,1,1,1,1,0,1,1,1
Collinsella aerofaciens (RTP21357st2_H3_RTP21357_210408),0,1,0,0,1,0,0,0,0,1,1,1,0,1,0,1,0,1,0,1,0,1,1,1,1,1,0,1,1,1,1,0,1,0,1,0,1,1,1,0,0,0,1,0,0,1,1,0,0,0,1,1,0,1,0,1,0,0,0,1,0,1,0,1,0,1,1,0,1,1,1,1,1,1,0,1,0,0
Collinsella aerofaciens (RTP21357st1_B7_RTP21357_210408),0,0,0,0,1,0,0,0,0,1,1,1,0,1,0,1,0,1,0,1,0,0,1,1,1,1,0,1,1,1,0,0,1,1,0,0,1,1,1,0,0,0,1,0,0,1,1,0,0,0,1,1,0,1,0,1,0,0,0,1,0,1,0,1,0,1,1,0,1,1,1,1,1,1,0,1,0,0
Collinsella aerofaciens (RTP21357st2_H7_RTP21359_211015),0,1,0,0,1,0,0,0,0,1,1,1,0,1,0,1,0,1,0,1,0,1,1,1,1,1,0,1,1,1,1,0,1,0,1,0,1,1,1,0,0,0,1,0,0,1,1,0,0,0,1,1,0,1,0,1,0,0,0,1,0,1,0,1,0,1,1,0,1,1,1,1,1,1,0,1,0,0
Collinsella aerofaciens (RTP21357st1_F1_RTP21357_210408),0,0,0,0,1,0,0,0,0,1,1,1,0,1,0,1,0,1,0,1,0,0,1,1,1,1,0,1,1,1,0,0,1,1,0,0,1,1,1,0,0,0,1,0,0,1,1,0,0,0,1,1,0,1,0,1,0,0,0,1,0,1,0,1,0,1,1,0,1,1,0,1,1,1,0,1,0,0
Collinsella aerofaciens (RTP21357st1_B2_RTP21357_210408),0,0,0,0,1,0,0,0,0,1,1,1,0,1,0,1,0,1,0,1,0,0,1,1,1,1,0,1,1,1,0,0,1,1,0,0,1,1,1,0,0,0,1,0,0,1,1,0,0,0,1,1,0,1,0,1,0,0,0,1,0,1,0,1,0,1,1,0,1,1,1,1,1,1,0,1,0,0
Collinsella aerofaciens (RTP21357st1_A9_RTP21359_211015),0,0,0,0,1,0,0,0,0,1,1,1,0,1,0,1,0,1,0,1,0,0,1,1,1,1,0,1,1,1,0,0,1,1,0,0,1,1,1,0,0,0,1,0,0,1,1,0,0,0,1,1,0,1,0,1,0,0,0,0,0,1,0,1,0,0,1,0,1,1,1,1,1,1,0,1,0,0
Collinsella aerofaciens (RTP21276st1_G3_RTP21276_210326),0,0,0,0,0,0,0,0,0,1,1,1,0,1,0,1,1,1,0,1,1,0,1,1,1,1,0,1,1,1,0,0,1,0,1,0,1,0,1,0,0,0,1,0,0,0,1,0,0,0,1,1,1,1,0,1,0,0,0,0,1,1,0,1,0,0,1,0,1,1,1,1,1,1,0,1,0,0
Collinsella aerofaciens (RTP21276st1_C5_RTP21276_210326),0,0,0,0,0,0,0,0,0,1,1,1,0,1,0,1,1,1,0,1,1,0,1,1,1,1,0,1,1,1,0,0,1,0,1,0,1,0,1,0,0,0,1,0,0,1,1,0,0,0,1,1,1,1,0,1,0,0,0,0,1,1,0,1,0,0,1,0,1,1,1,1,1,1,0,1,0,0
Collinsella aerofaciens (RTP21276st1_F8_RTP21276_210326),0,0,0,0,0,0,0,0,0,1,1,1,0,1,0,1,1,1,0,1,1,0,1,1,1,1,0,1,1,1,0,0,1,0,1,0,1,0,1,0,0,0,1,0,0,1,1,0,0,0,1,1,1,1,0,1,0,0,0,0,1,1,0,1,0,0,1,0,1,1,1,1,1,1,0,1,0,0
Collinsella aerofaciens (RTP21276st1_B4_RTP21276_210326),0,0,0,0,0,0,0,0,0,1,1,1,0,1,0,1,1,1,0,1,1,0,1,1,1,1,0,1,1,1,0,0,1,0,1,0,1,0,1,0,0,0,1,0,0,0,1,0,0,0,1,1,1,1,0,1,0,0,0,0,1,1,0,1,0,0,1,0,1,1,1,1,1,1,0,1,0,0
Collinsella aerofaciens (RTP21276st1_D3_RTP21276_210326),0,0,0,0,0,0,0,0,0,1,1,1,0,1,0,1,1,1,0,1,1,0,1,1,1,1,0,1,1,1,0,0,1,0,1,0,1,0,1,0,0,0,1,0,0,1,1,0,0,0,1,1,1,1,0,1,0,0,0,0,1,1,0,1,0,0,1,0,1,1,1,1,1,1,0,1,0,0
Collinsella aerofaciens (RTP21276st1_A3_RTP21276_210326),0,0,0,0,0,0,0,0,0,1,1,1,0,1,0,1,1,1,0,1,1,0,1,1,1,1,0,1,1,1,0,0,1,0,1,0,1,0,1,0,0,0,1,0,0,1,1,0,0,0,1,1,1,1,0,1,0,0,0,0,1,1,0,1,0,0,1,0,1,1,1,1,1,1,0,1,0,0
Collinsella aerofaciens (RTP21204st1_G7_RTP21204_210225),0,0,0,0,1,0,0,0,0,1,1,1,0,1,0,1,0,1,0,1,0,0,1,1,1,1,0,1,1,1,0,0,0,1,0,0,1,0,1,0,0,0,1,0,0,1,1,0,0,0,1,1,1,1,0,1,0,0,0,1,0,1,1,1,0,0,1,0,1,1,1,1,1,1,0,1,0,0
Collinsella aerofaciens (RTP21204st1_E5_RTP21204_210225),0,0,0,0,1,0,0,0,0,1,1,1,0,1,0,1,0,1,0,1,0,0,1,1,1,1,0,1,1,1,0,0,0,1,0,0,1,0,1,0,0,0,1,0,0,1,1,0,0,0,1,1,1,1,0,1,0,0,0,1,0,1,1,1,0,0,1,0,1,1,1,1,1,1,0,1,0,0
Collinsella aerofaciens (RTP21204st1_A4_RTP21204_210225),0,0,0,0,1,0,0,0,0,1,1,1,0,1,0,1,0,1,0,1,0,0,1,1,1,1,0,1,1,1,0,0,0,1,0,0,1,0,1,0,0,0,1,0,0,1,1,0,0,0,1,1,1,1,0,1,0,0,0,1,0,1,1,1,0,0,1,0,1,1,1,1,1,1,0,1,0,0
Collinsella aerofaciens (RTP21204st1_E11_RTP21204_210225),0,0,0,0,1,0,0,0,0,1,1,1,0,1,0,1,0,1,0,1,0,0,1,1,1,1,0,1,1,1,0,0,0,1,0,0,1,0,1,0,0,0,1,0,0,1,1,0,0,0,1,1,1,1,0,1,0,0,0,1,0,1,1,1,0,0,1,0,1,1,1,1,1,1,0,1,0,0
Collinsella aerofaciens (RTP21204st1_F3_RTP21204_210225),0,0,0,0,1,0,0,0,0,1,1,1,0,1,0,1,0,1,0,1,0,0,1,1,1,1,0,1,1,1,0,0,0,1,0,0,1,0,1,0,0,0,1,0,0,1,1,0,0,0,1,1,1,1,0,1,0,0,0,1,0,1,1,1,0,0,1,0,1,1,1,1,1,1,0,1,0,0
Collinsella aerofaciens (RTP21204st1_A12_RTP21204_210225),0,0,0,0,1,0,0,0,0,1,1,1,0,1,0,1,0,1,0,1,0,0,1,1,1,1,0,1,1,1,0,0,0,1,0,0,1,0,1,0,0,0,1,0,0,1,1,0,0,0,1,1,1,1,0,1,0,0,0,1,0,1,1,1,0,0,1,0,1,1,1,1,1,1,0,1,0,0
Collinsella aerofaciens (RTP21102st1_D12_RTP21102_210122),0,1,0,0,0,0,0,0,0,1,1,1,0,1,0,1,1,1,0,1,1,0,1,1,1,1,0,1,1,1,0,0,1,0,0,0,1,1,1,0,0,0,1,1,0,1,1,0,0,0,1,1,1,1,0,1,0,0,0,1,0,1,0,1,1,0,1,0,1,1,1,1,1,1,0,1,0,0
Collinsella aerofaciens (RTP21102st1_C12_RTP21102_210122),0,1,0,0,0,0,0,0,0,1,1,1,0,1,0,1,1,1,0,1,1,0,1,1,1,1,0,1,1,1,0,0,1,0,0,0,1,1,1,0,0,0,1,1,0,1,1,0,0,0,1,1,1,1,0,1,0,0,0,1,0,1,0,1,1,0,1,0,1,1,1,1,1,1,0,1,0,0
Collinsella aerofaciens (RTP21102st1_H1_RTP21102_210122),0,1,0,0,0,0,0,0,0,1,1,1,0,1,0,1,1,1,0,1,1,0,1,1,1,1,0,1,1,1,0,0,1,0,0,0,1,1,1,0,0,0,1,1,0,1,1,0,0,0,1,1,0,1,0,1,0,0,0,1,0,1,0,1,1,0,1,0,1,1,1,1,1,1,0,1,0,0
Collinsella aerofaciens (RTP21102st1_B10_RTP21102_210122),0,1,0,0,0,0,0,0,0,1,1,1,0,1,0,1,1,1,0,1,1,0,1,1,1,1,0,1,1,1,0,0,1,0,0,0,1,1,1,0,0,0,1,1,0,1,1,0,0,0,1,1,1,1,0,1,0,0,0,1,0,1,0,1,1,0,1,0,1,1,1,1,1,1,0,1,0,0
Collinsella aerofaciens (RTP21065st1_H1_RTP21065_210128),0,1,0,0,1,0,0,0,0,1,1,1,0,1,0,1,1,1,0,1,1,0,1,1,1,1,0,1,1,1,0,0,1,0,0,0,1,1,1,0,0,0,1,0,0,1,1,0,0,0,1,1,0,1,0,1,0,0,0,1,0,1,0,1,0,1,1,0,1,1,1,1,1,1,0,1,0,0
Collinsella aerofaciens (RTP21065st1_H11_RTP21065_210128),0,1,0,0,1,0,0,0,0,1,1,1,0,1,0,1,1,1,0,1,1,0,1,1,1,1,0,1,1,1,0,0,1,0,0,0,1,1,1,0,0,0,1,0,0,1,1,0,0,0,1,1,0,1,0,1,0,0,0,1,0,1,0,1,0,1,1,0,1,1,1,1,1,1,0,1,0,0
Collinsella aerofaciens (RTP21065st1_B4_RTP21065_210128),0,1,0,0,1,0,0,0,0,1,1,1,0,1,0,1,1,1,0,1,1,0,1,1,1,1,0,1,1,1,0,0,1,0,0,0,1,1,1,0,0,0,1,0,0,1,1,0,0,0,1,1,0,1,0,1,0,0,0,1,0,1,0,1,0,1,1,0,1,1,1,1,1,1,0,1,0,0
Collinsella aerofaciens (RTP21065st1_E4_RTP21065_210128),0,1,0,0,1,0,0,0,0,1,1,1,0,1,0,1,1,1,0,1,1,0,1,1,1,1,0,1,1,1,0,0,1,0,0,0,1,1,1,0,0,0,1,0,0,1,1,0,0,0,1,1,0,1,0,1,0,0,0,1,0,1,0,1,0,1,1,0,1,1,1,1,1,1,0,1,0,0
Collinsella aerofaciens (RTP31023st1_D12_RTP31023_210422),0,1,0,0,0,0,0,0,0,1,1,1,0,1,0,1,1,1,0,1,1,1,1,1,1,1,0,1,1,1,1,0,1,0,1,0,1,1,1,0,0,0,1,0,0,1,1,0,0,0,1,0,0,1,0,1,0,0,0,1,0,1,0,1,0,0,1,0,1,1,1,1,1,1,0,1,0,0
Collinsella aerofaciens (RTP31023st1_B3_RTP31023_210422),0,1,0,0,0,0,0,0,0,1,1,1,0,1,0,1,1,1,0,1,1,1,1,1,1,1,0,1,1,1,1,0,1,0,1,0,1,1,1,0,0,0,1,0,0,1,1,0,0,0,1,1,0,1,0,1,0,0,0,1,0,1,0,1,0,0,1,0,1,1,1,1,1,1,0,1,0,0
Collinsella aerofaciens (RTP31023st1_B4_RTP31023_210422),0,1,0,0,0,0,0,0,0,1,1,1,0,1,0,1,1,1,0,1,1,1,1,1,1,1,0,1,1,1,1,0,1,0,1,0,1,1,1,0,0,0,1,0,0,1,1,0,0,0,1,1,0,1,0,1,0,0,0,1,0,1,0,1,0,0,1,0,1,1,1,1,1,1,0,1,0,0
Collinsella aerofaciens (RTP21002st2_G4_RTP31004_210507),0,1,0,0,0,0,0,0,0,1,1,1,0,1,0,1,1,1,0,1,1,0,1,1,1,1,0,1,1,1,0,0,1,0,1,0,1,1,1,0,0,0,1,0,0,1,1,0,0,0,1,1,0,1,0,1,0,0,0,1,0,1,0,1,0,1,1,0,1,1,1,1,1,1,0,1,0,0
Collinsella aerofaciens (RTP21002st2_D10_RTP31004_210507),0,1,0,0,0,0,0,0,0,1,1,1,0,1,0,1,1,1,0,1,1,0,1,1,1,1,0,1,1,1,0,0,1,0,1,0,1,1,1,0,0,0,1,0,0,1,1,0,0,0,1,1,0,1,0,1,0,0,0,1,0,1,0,1,0,1,1,0,1,1,1,1,1,1,0,1,0,0
Collinsella aerofaciens (RTP21002st1_E8_RTP31003_210430),0,1,0,0,1,0,0,0,0,1,1,1,0,1,0,1,0,1,0,1,0,0,1,1,1,1,0,1,1,1,0,0,1,1,1,0,1,1,1,0,0,0,1,0,0,1,1,0,0,0,1,1,0,1,0,1,0,0,0,0,0,1,0,1,0,0,1,0,1,1,1,1,1,1,1,1,0,0
Collinsella aerofaciens (RTP21002st1_G5_RTP31004_210507),0,1,0,0,1,1,0,0,0,1,1,1,0,1,0,1,0,1,0,1,0,0,1,1,1,1,0,1,1,1,0,0,1,1,1,0,1,1,1,0,0,0,1,0,0,1,1,0,0,0,1,1,0,1,0,1,0,0,0,0,0,1,0,1,0,0,1,0,1,1,1,1,1,1,1,1,0,0
Collinsella aerofaciens (RTP21002st1_A6_RTP31003_210430),0,1,0,0,1,0,0,0,0,1,1,1,0,1,0,1,0,1,0,1,0,0,1,1,1,1,0,1,1,1,0,0,1,1,1,0,1,1,1,0,0,0,1,0,0,1,1,0,0,0,1,1,0,1,0,1,0,0,0,0,0,1,0,1,0,0,1,0,1,1,1,1,1,1,1,1,0,0
Collinsella aerofaciens (RTP21002st1_B6_RTP31004_210507),0,1,0,0,1,0,0,0,0,1,1,0,0,1,0,1,0,1,0,1,0,0,1,1,1,1,0,1,1,1,0,0,1,1,1,0,1,1,1,0,0,0,1,0,0,1,1,0,0,0,1,1,0,1,0,1,0,0,0,0,0,1,0,1,0,0,1,0,1,1,1,1,1,1,1,1,0,0
Collinsella aerofaciens (RTP21002st1_E6_RTP31003_210430),0,1,0,0,1,0,0,0,0,1,1,1,0,1,0,1,0,1,0,1,0,0,1,1,1,1,0,1,1,1,0,0,1,1,1,0,1,1,1,0,0,0,1,0,0,1,1,0,0,0,1,1,0,1,0,1,0,0,0,0,0,1,0,1,0,0,1,0,1,1,0,1,1,1,1,1,0,0
Collinsella aerofaciens (RTP21230st2_D2_RTP21230_210325),0,1,0,0,0,0,0,0,0,1,1,1,0,1,0,1,1,1,0,1,1,0,1,1,1,1,0,1,1,1,0,0,1,0,1,0,1,0,1,0,0,0,1,0,0,1,1,0,0,0,1,1,1,1,0,1,0,0,0,0,1,1,0,1,0,0,1,0,1,1,1,1,1,1,0,1,0,0
Collinsella aerofaciens (RTP21230st1_C11_RTP21230_210325),0,1,0,0,0,0,0,0,0,1,1,1,0,1,0,1,1,1,0,1,1,0,1,1,1,1,0,1,1,1,0,0,1,0,1,0,1,0,1,0,0,0,1,0,0,1,1,0,0,0,1,1,1,1,0,1,0,0,0,0,1,1,0,1,0,0,1,0,1,1,1,1,1,1,0,1,0,0
Collinsella aerofaciens (RTP21230st1_A6_RTP21230_210325),0,1,0,0,0,0,0,0,0,1,1,1,0,1,0,1,1,1,0,1,1,0,1,0,1,1,0,1,1,1,0,0,1,0,1,0,1,0,1,0,0,0,1,0,0,1,1,0,0,0,1,1,1,1,0,1,0,0,0,0,1,1,0,1,0,0,1,0,1,1,1,1,1,1,0,1,0,0
Collinsella aerofaciens (RTP21230st1_G6_RTP21230_210325),0,1,0,0,0,0,0,0,0,1,1,1,0,1,0,1,1,1,0,1,1,0,1,1,1,1,0,1,1,1,0,0,1,0,1,0,1,0,1,0,0,0,1,0,0,1,1,0,0,0,1,1,1,1,0,1,0,0,0,0,1,1,0,1,0,0,1,0,1,1,0,1,1,1,0,1,0,0
Collinsella aerofaciens (RTP21230st1_B3_RTP21230_210325),0,1,0,0,0,0,0,0,0,1,1,1,0,1,0,1,1,1,0,1,1,0,1,1,1,1,0,1,1,1,0,0,1,0,1,0,1,0,1,0,0,0,1,0,0,1,1,0,0,0,1,1,1,1,0,1,0,0,0,0,1,1,0,1,0,0,1,0,1,1,1,1,1,1,0,1,0,0
Collinsella aerofaciens (RTP21198st1_H6_RTP21198_201120),0,1,0,0,0,0,0,0,0,1,1,1,0,1,0,1,0,1,0,1,0,1,1,1,1,1,0,1,1,1,1,0,0,1,0,0,1,1,1,0,0,0,1,0,0,1,1,0,0,0,1,1,0,1,0,1,0,0,0,0,0,1,0,1,0,0,1,0,1,1,1,1,1,1,0,1,0,0
Collinsella aerofaciens (RTP21198st1_G12_RTP21198_201120),0,1,0,0,0,0,0,0,0,1,1,1,0,1,0,1,0,1,0,1,0,1,1,1,1,1,0,1,1,1,1,0,0,1,0,0,1,1,1,0,0,0,1,0,0,1,1,0,0,0,1,1,0,1,0,1,0,0,0,0,0,1,0,1,0,0,1,0,1,1,1,1,1,1,0,1,0,0
Collinsella aerofaciens (RTP21198st1_C10_RTP21198_201120),0,1,0,0,0,0,0,0,0,1,1,1,0,1,0,1,0,1,0,1,0,1,1,1,1,1,0,1,1,1,1,0,0,1,0,0,1,1,1,0,0,0,1,0,0,1,1,0,0,0,1,1,0,1,0,1,0,0,0,0,0,1,0,1,0,0,1,0,1,1,1,1,1,1,0,1,0,0
Collinsella aerofaciens (RTP21198st1_D5_RTP21198_201120),0,1,0,0,0,0,0,0,0,1,1,1,0,1,0,1,0,1,0,1,0,1,1,1,1,1,0,1,1,1,1,0,0,1,0,0,1,1,1,0,0,0,1,0,0,1,1,0,0,0,1,1,0,1,0,1,0,0,0,0,0,1,0,1,0,0,1,0,1,1,1,1,1,1,0,1,0,0
Collinsella aerofaciens (RTP21198st1_D8_RTP21198_201120),0,1,0,0,0,0,0,0,0,1,1,1,0,1,0,1,0,1,0,1,0,1,1,1,1,1,0,1,1,1,1,0,0,1,0,0,1,1,1,0,0,0,1,0,0,1,1,0,0,0,1,1,0,1,0,1,0,0,0,0,0,1,0,1,0,0,1,0,1,1,1,1,1,1,0,1,0,0
Collinsella aerofaciens (RTP21198st1_A9_RTP21198_201120),0,1,0,0,0,0,0,0,0,1,1,1,0,1,0,1,0,1,0,1,0,1,1,1,1,1,0,1,1,1,1,0,0,1,0,0,1,1,1,0,0,0,1,0,0,1,1,0,0,0,1,1,0,1,0,1,0,0,0,0,0,1,0,1,0,0,1,0,1,1,1,1,1,1,0,1,0,0
Collinsella aerofaciens (RTP21002st2_H8_RTP21002_201210),0,1,0,0,0,0,0,0,0,1,1,1,0,1,0,1,1,1,0,1,1,0,1,1,1,1,0,1,1,1,0,0,1,0,1,0,1,1,1,0,0,0,1,0,0,1,1,0,0,0,1,1,0,1,0,1,0,0,0,1,0,1,0,1,0,1,1,0,1,1,1,1,1,1,0,1,0,0
Collinsella aerofaciens (RTP21002st1_G10_RTP21002_201210),0,1,0,0,1,0,0,0,0,1,1,1,0,1,0,1,0,1,0,1,0,0,1,1,1,1,0,1,1,1,0,0,1,1,1,0,1,1,1,0,0,0,1,0,0,1,1,0,0,0,1,1,0,1,0,1,0,0,0,0,0,1,0,1,0,0,1,0,1,1,1,1,1,1,1,1,0,0
Collinsella aerofaciens (RTP21002st1_D5_RTP21002_201210),0,1,0,0,1,0,0,0,0,1,1,1,0,1,0,1,0,1,0,1,0,0,1,1,1,1,0,1,1,1,0,0,1,1,1,0,1,1,1,0,0,0,1,0,0,1,1,0,0,0,1,1,0,1,0,1,0,0,0,0,0,1,0,1,0,0,1,0,1,1,1,1,1,1,1,1,0,0
Collinsella aerofaciens (2201st1_A9_2201SCRN_220225),0,1,0,0,0,0,0,1,0,1,1,1,0,1,0,1,0,1,0,1,0,0,1,1,1,1,0,1,1,1,0,0,1,0,0,0,1,1,1,0,0,0,1,0,0,1,1,0,0,0,1,1,1,1,0,1,0,0,0,1,0,1,0,1,0,1,1,0,1,1,1,1,1,1,0,1,0,0
Collinsella aerofaciens (2201st1_E7_2201SCRN_220225),0,1,0,0,0,0,0,0,0,1,1,1,0,1,0,1,0,1,0,1,0,0,1,1,1,1,0,1,1,1,0,0,1,0,0,0,1,1,1,0,0,0,1,0,0,1,1,0,0,0,1,1,1,1,0,1,0,0,0,1,0,1,0,1,0,1,1,0,1,1,1,1,1,1,0,1,0,0
Collinsella aerofaciens (RTP21002st1_F9_RTP21002_201210),0,1,0,0,1,0,0,0,0,1,1,1,0,1,0,1,0,1,0,1,0,0,1,1,1,1,0,1,1,1,0,0,1,1,1,0,1,1,1,0,0,0,1,0,0,1,1,0,0,0,1,1,0,1,0,1,0,0,0,0,0,1,0,1,0,0,1,0,1,1,1,1,1,1,1,1,0,0
Collinsella aerofaciens (2201st1_A5_2201SCRN_220225),0,1,0,0,0,0,0,0,0,1,1,1,0,1,0,1,0,1,0,1,0,0,1,1,1,1,0,1,1,1,0,0,1,0,0,0,1,1,1,0,0,0,1,0,0,1,1,0,0,0,1,1,1,1,0,1,0,0,0,1,0,1,0,1,0,1,1,0,1,1,1,1,1,1,0,1,0,0
Collinsella aerofaciens (16-6-I_3_FM),0,1,0,0,0,0,0,0,0,1,1,1,0,1,0,1,0,1,0,1,0,1,1,1,1,1,0,1,1,1,1,0,1,0,1,0,1,0,1,0,0,0,1,0,0,1,1,0,0,0,1,1,1,1,0,1,0,0,0,0,0,1,0,1,0,0,1,0,1,1,1,1,1,1,1,1,0,0
Collinsella aerofaciens (NCTC11838),0,0,0,0,0,0,0,0,0,1,1,1,0,1,0,1,1,1,0,1,1,0,1,1,1,1,0,1,1,1,0,0,1,0,0,0,1,1,1,0,0,0,1,1,0,1,1,0,0,0,1,1,1,1,0,1,0,0,0,0,0,1,0,1,0,0,1,1,1,1,1,1,1,1,1,1,0,0
Collinsella aerofaciens (UNK_1),0,0,0,0,1,0,1,0,0,1,1,1,0,1,0,1,1,1,0,1,1,0,1,1,1,1,0,1,1,1,1,0,1,0,1,0,1,1,1,0,0,0,0,1,0,1,1,0,0,0,1,1,0,1,0,1,0,0,0,1,0,1,0,1,0,0,1,0,1,1,1,1,1,1,0,1,0,0
Collinsella aerofaciens (UNK_2),0,1,0,0,0,0,0,0,0,1,1,1,0,1,0,1,0,1,0,1,0,0,1,1,1,1,0,1,1,1,1,0,1,0,1,1,1,0,1,0,0,0,1,1,0,1,1,0,0,0,1,1,1,1,0,1,0,0,0,1,0,1,0,1,0,0,1,1,1,1,1,1,1,1,0,1,0,0
Collinsella aerofaciens (UNK_3),0,0,0,0,0,0,0,0,0,1,1,1,0,1,0,1,1,1,0,1,1,1,1,1,1,1,0,1,1,1,1,0,0,0,0,0,1,0,1,0,0,0,1,0,0,1,1,0,0,0,1,1,1,1,0,1,0,0,0,1,0,1,0,1,0,0,1,0,1,1,1,1,1,1,0,1,0,0
Collinsella aerofaciens (UNK_4),0,0,0,0,0,0,0,0,0,1,1,1,0,1,0,1,1,1,0,1,1,0,1,1,1,1,0,1,1,1,0,0,1,0,0,0,1,0,1,0,0,0,1,0,0,1,1,0,0,0,1,1,1,1,0,1,0,0,0,0,1,1,0,1,0,0,1,0,1,1,1,1,1,1,0,1,0,0
Collinsella aerofaciens (UNK_5),0,0,0,0,0,0,0,0,0,1,1,1,0,1,0,1,1,1,0,1,1,1,1,1,1,1,0,1,1,1,1,0,1,1,1,0,1,1,1,0,0,0,0,0,0,1,1,0,0,0,1,1,0,1,0,1,0,0,0,0,0,1,0,1,0,1,1,0,1,1,1,1,1,1,0,1,0,0
Collinsella aerofaciens (UNK_6),0,0,0,0,1,0,0,0,0,1,1,1,0,1,0,1,1,1,0,1,1,1,1,1,1,1,0,1,1,1,1,0,1,1,1,0,1,0,1,0,0,0,0,0,0,1,1,0,0,0,1,1,1,1,0,1,0,0,0,1,1,1,0,1,0,1,1,0,1,1,1,1,1,1,0,1,0,0
Collinsella aerofaciens (UNK_7),0,1,0,0,1,0,0,0,0,1,1,1,0,1,0,1,0,1,0,1,0,1,1,1,1,1,0,1,1,1,1,0,1,1,1,0,1,0,1,0,1,0,1,1,0,1,1,0,1,0,1,1,1,1,0,1,0,0,0,1,1,1,0,1,0,0,1,0,1,1,1,1,1,1,0,1,0,0
Collinsella aerofaciens (UNK_8),0,0,0,0,1,0,0,0,0,1,1,1,0,1,0,1,0,1,0,1,0,1,1,1,1,1,0,1,1,1,1,0,1,1,1,0,1,0,1,0,0,0,1,0,0,1,1,0,0,0,1,1,1,1,0,1,0,0,0,1,1,1,0,1,0,0,1,0,1,1,1,1,1,1,0,1,0,0
Collinsella aerofaciens (UNK_9),0,0,0,0,0,0,0,0,0,1,1,1,0,1,0,1,1,1,0,1,1,0,1,1,1,1,0,1,1,1,0,0,1,0,0,0,1,1,1,0,0,0,1,1,0,1,1,0,0,0,1,1,1,1,0,1,0,0,0,0,0,1,0,1,0,0,1,1,1,1,1,1,1,1,1,1,0,0
Collinsella aerofaciens (UNK_10),0,0,0,0,0,0,0,0,0,1,1,1,0,1,0,1,1,1,0,1,1,1,1,1,1,1,0,1,1,1,1,0,1,0,0,0,1,1,1,0,0,0,0,1,0,1,1,0,0,0,1,1,1,1,0,1,0,0,0,1,0,1,0,1,0,0,1,1,1,1,1,1,1,1,0,1,0,0
Collinsella aerofaciens (UNK_11),0,1,0,0,1,0,1,0,0,1,1,1,0,1,0,1,1,1,0,1,1,0,1,1,1,1,0,1,1,1,1,0,1,0,1,0,1,1,1,0,0,0,0,1,0,1,1,0,0,0,1,1,0,1,0,1,0,0,0,1,0,1,0,1,0,0,1,0,1,1,1,1,1,1,0,1,0,0
Collinsella aerofaciens (UNK_12),0,1,0,0,0,0,0,0,0,1,1,1,0,1,0,1,0,1,0,1,0,0,1,1,1,1,0,1,1,1,0,0,1,1,0,0,1,0,1,0,0,0,1,0,0,1,1,0,0,0,1,1,1,1,0,1,0,0,0,1,0,1,0,1,0,0,1,0,1,1,1,1,1,1,0,1,0,0
Collinsella aerofaciens (UNK_13),0,1,0,0,0,0,0,0,0,1,1,1,0,1,0,1,0,1,0,1,0,0,1,1,1,1,0,1,1,1,1,0,1,0,1,1,1,0,1,0,0,0,1,1,0,1,1,0,0,0,1,1,1,1,0,1,0,0,0,1,0,1,0,1,0,0,1,1,1,1,1,1,1,1,0,1,0,0
Collinsella aerofaciens (UNK_14),0,1,0,0,0,0,0,0,0,1,1,1,0,1,0,1,0,1,0,1,0,1,1,1,1,1,0,1,1,1,1,0,1,0,1,0,1,0,1,0,0,0,0,1,0,1,1,0,0,1,1,1,0,1,0,1,0,0,0,0,0,1,0,1,0,0,1,0,1,1,1,1,1,1,0,1,0,0
Collinsella aerofaciens (Collinsella aerofaciens TSDC17.2-1.1),0,1,0,0,0,0,0,0,0,1,1,1,0,1,0,1,0,1,0,1,0,0,1,1,1,1,0,1,1,1,0,0,1,0,0,0,1,1,1,0,0,0,1,0,0,1,1,0,0,0,1,1,0,1,0,1,0,0,0,0,0,1,0,1,0,0,1,0,1,1,1,1,1,1,0,1,0,0
Collinsella aerofaciens (UNK_15),0,0,0,0,1,0,0,0,0,1,1,1,0,1,0,1,0,1,0,1,0,0,1,1,1,1,0,1,1,1,0,0,1,0,0,0,1,1,1,0,0,0,1,0,0,1,1,0,0,0,1,1,1,1,0,1,0,0,0,0,0,1,0,1,0,0,1,0,1,1,1,1,1,1,0,1,0,0
Collinsella aerofaciens (UNK_16),0,0,0,0,1,0,0,0,0,1,1,1,0,1,0,1,0,1,0,1,0,0,1,1,1,1,0,1,1,1,0,0,1,0,0,0,1,1,1,0,0,0,1,0,0,1,1,0,0,0,1,1,1,1,0,1,0,0,0,0,0,1,0,1,0,0,1,0,1,1,1,1,1,1,0,1,0,0
Collinsella aerofaciens (UNK_17),1,1,0,0,0,0,0,0,0,1,1,1,0,1,0,1,1,1,0,1,1,0,1,1,1,1,0,1,1,1,0,0,0,0,1,0,1,0,1,0,0,0,1,1,0,1,1,0,0,0,1,1,0,1,0,1,0,0,0,1,0,1,0,1,0,0,1,0,1,1,1,1,1,1,0,1,0,0
Collinsella aerofaciens (UNK_18),0,0,0,0,0,0,0,0,0,1,1,1,0,1,0,1,0,1,0,1,0,0,1,1,1,1,0,1,1,1,0,0,0,0,0,0,1,1,1,0,0,0,1,0,0,1,1,0,0,0,1,1,0,1,0,1,0,0,0,1,0,1,0,1,0,0,1,1,1,1,1,1,1,1,0,1,0,0
Collinsella aerofaciens (UNK_19),0,0,0,0,1,0,0,0,0,1,1,1,0,1,0,1,1,1,0,1,1,0,1,1,1,1,0,1,1,1,0,0,0,0,1,0,1,1,1,0,0,0,1,0,0,1,1,0,0,0,1,1,0,1,0,1,0,1,0,1,0,1,0,1,1,0,1,0,1,1,1,1,1,1,1,1,0,0
Collinsella aerofaciens (UNK_20),0,1,0,0,0,0,0,0,0,1,1,1,0,1,0,1,1,1,0,1,1,0,1,1,1,1,0,1,1,1,0,0,1,0,0,0,1,0,1,0,0,0,1,1,0,1,1,0,0,0,1,1,1,1,0,1,0,0,0,0,0,1,0,1,0,0,1,0,1,1,1,1,1,1,1,1,0,0
Collinsella aerofaciens (UNK_21),1,1,0,0,0,0,0,0,0,1,1,1,0,1,0,1,0,1,0,1,0,1,1,1,1,1,0,1,1,1,1,0,1,0,1,0,1,0,1,0,0,0,1,0,0,1,1,0,0,0,1,1,0,1,0,1,0,0,0,0,0,1,0,1,0,0,1,0,1,1,1,1,1,1,0,1,0,0
Collinsella aerofaciens (UNK_22),1,1,1,1,0,0,0,1,0,1,1,1,1,1,0,0,0,1,0,1,0,0,1,1,1,1,0,1,1,1,0,0,0,0,0,0,1,0,1,1,0,0,1,0,0,1,1,0,0,0,1,1,0,1,0,1,0,0,1,0,0,1,0,1,0,0,1,0,1,1,1,1,1,1,0,1,0,0
Collinsella aerofaciens (UNK_23),0,0,0,0,0,0,0,0,0,1,1,1,0,1,0,1,0,1,0,1,0,0,1,1,1,1,0,1,1,1,0,0,1,0,1,0,1,0,1,0,0,0,1,0,0,1,1,0,0,0,1,1,1,1,0,1,0,0,0,1,0,1,0,1,0,0,1,1,1,1,1,1,1,1,0,1,0,0
Collinsella aerofaciens (UNK_24),0,0,0,0,0,0,0,0,0,1,1,1,0,1,0,1,0,1,0,1,0,0,1,1,1,1,0,1,1,1,0,0,1,0,1,0,1,0,1,0,0,0,1,0,0,1,1,0,0,0,1,1,1,1,0,1,0,0,0,1,0,1,0,1,0,0,1,1,1,1,1,1,1,1,0,1,0,0
Collinsella aerofaciens (UNK_25),1,1,1,1,0,0,0,1,0,1,1,1,0,1,0,0,0,1,0,1,0,0,1,1,1,1,0,1,1,1,0,0,0,0,1,0,1,0,1,1,0,0,1,0,0,1,1,0,0,0,1,1,0,1,0,1,0,0,1,0,0,1,0,1,0,0,1,0,1,1,1,1,1,1,0,1,0,0
Collinsella aerofaciens (UNK_26),0,0,0,0,0,0,0,0,0,1,1,1,0,1,0,1,0,1,0,1,0,1,1,1,1,1,0,1,1,1,1,0,1,0,1,0,1,0,1,0,0,0,1,0,0,1,1,0,0,0,1,1,1,1,0,1,0,0,0,1,0,1,0,1,0,0,1,1,1,1,1,1,1,1,0,1,0,0
Collinsella aerofaciens (UNK_27),1,1,1,1,0,0,0,1,0,1,1,1,1,1,0,0,0,1,0,1,0,0,1,1,1,1,0,1,1,1,0,0,0,0,0,0,1,0,1,1,0,0,1,0,0,1,1,0,0,0,1,1,0,1,0,1,0,0,1,0,0,1,0,1,0,0,1,0,1,1,1,1,1,1,0,1,0,0
Collinsella aerofaciens (UNK_28),1,1,1,1,0,0,0,1,0,1,1,1,1,1,0,0,0,1,0,1,0,0,1,1,1,1,0,1,1,1,0,0,0,0,0,0,1,0,1,1,0,0,1,0,0,1,1,0,0,0,1,1,0,1,0,1,0,0,1,0,0,1,0,1,0,0,1,0,1,1,1,1,1,1,0,1,0,0
Collinsella aerofaciens (UNK_29),0,1,0,0,0,0,0,0,0,1,1,1,0,1,0,1,1,1,0,1,1,0,1,1,1,1,0,1,1,1,0,0,1,0,0,0,1,1,1,0,0,0,1,1,0,1,1,0,0,0,1,1,0,1,0,1,0,0,0,1,0,1,0,1,0,0,1,0,1,1,1,1,1,1,0,1,0,0
